<?xml version="1.0" encoding="UTF-8" standalone="no"?>
<ap:Map Dirty="0000000000000001" OId="9UL2XXwVBUuB3xw+Bul2UQ==" Gen="0000000000000000" xmlns:ap="http://schemas.mindjet.com/MindManager/Application/2003" xmlns:cor="http://schemas.mindjet.com/MindManager/Core/2003" xmlns:pri="http://schemas.mindjet.com/MindManager/Primitive/2003" xmlns:xsi="http://www.w3.org/2001/XMLSchema-instance" xsi:schemaLocation="http://schemas.mindjet.com/MindManager/Application/2003 http://www.mindjet.com/MindManager/Application/2003 http://schemas.mindjet.com/MindManager/Application/2003 http://schemas.mindjet.com/MindManager/Application/2003 http://schemas.mindjet.com/MindManager/Core/2003 http://schemas.mindjet.com/MindManager/Primitive/2002 http://schemas.mindjet.com/MindManager/Core/2003 http://www.mindjet.com/MindManager/Core/2003 http://schemas.mindjet.com/MindManager/Core/2003 http://schemas.mindjet.com/MindManager/Core/2003 http://schemas.mindjet.com/MindManager/Delta/2003 http://www.mindjet.com/MindManager/Delta/2003 http://schemas.mindjet.com/MindManager/Delta/2003 http://schemas.mindjet.com/MindManager/Delta/2003 http://schemas.mindjet.com/MindManager/Primitive/2003 http://www.mindjet.com/MindManager/Primitive/2003 http://schemas.mindjet.com/MindManager/Primitive/2003 http://schemas.mindjet.com/MindManager/Primitive/2003" xsi:noNamespaceSchemaLocation="personal.xsd"><cor:Custom Index="0" Uri="http://schemas.mindjet.com/MindManager/UpdateCompatibility/2004" Dirty="0000000000000000" cst0:UpdatedCategories="true" cst0:UpdatedVisibilityStyle="true" xmlns:cst0="http://schemas.mindjet.com/MindManager/UpdateCompatibility/2004"/><ap:OneTopic><ap:Topic Dirty="0000000000000001" OId="rsUkRRseO0mYRz+my1r3XA==" Gen="0000000000000000"><ap:SubTopics><ap:Topic Dirty="0000000000000001" OId="WOD8adfNYUCdDcJzxZac0Q==" Gen="0000000000000000"><ap:SubTopics><ap:Topic Dirty="0000000000000001" OId="8+iS8hW3xEizlb1Q1WcxjQ==" Gen="0000000000000000"><ap:TopicViewGroup ViewIndex="0"/><ap:TopicViewGroup ViewIndex="1"/><ap:Text Dirty="0000000000000001" PlainText="Cautions and Comparisons" ReadOnly="false"><ap:Font/></ap:Text></ap:Topic><ap:Topic Dirty="0000000000000001" OId="DnecXIFix0K53Ib+VP0wkg==" Gen="0000000000000000"><ap:SubTopics><ap:Topic Dirty="0000000000000001" OId="cxAHECaEak2BHiaMaEJ/bA==" Gen="0000000000000000"><ap:TopicViewGroup ViewIndex="0"/><ap:TopicViewGroup ViewIndex="1"/><ap:Text Dirty="0000000000000001" PlainText="Retirement is Worst Case Scenario" ReadOnly="false"><ap:Font/></ap:Text></ap:Topic><ap:Topic Dirty="0000000000000001" OId="ZYXLzntXgU6QhKp1iaPSgA==" Gen="0000000000000000"><ap:TopicViewGroup ViewIndex="0"/><ap:TopicViewGroup ViewIndex="1"/><ap:Text Dirty="0000000000000001" PlainText="Interest and Energy are Cyclical" ReadOnly="false"><ap:Font/></ap:Text></ap:Topic><ap:Topic Dirty="0000000000000001" OId="XezqCcjOrE6Wu/sql8holw==" Gen="0000000000000000"><ap:TopicViewGroup ViewIndex="0"/><ap:TopicViewGroup ViewIndex="1"/><ap:Text Dirty="0000000000000001" PlainText="Less is Not Laziness" ReadOnly="false"><ap:Font/></ap:Text></ap:Topic><ap:Topic Dirty="0000000000000001" OId="EntPc+/IsEaY4U7iSmIUiQ==" Gen="0000000000000000"><ap:TopicViewGroup ViewIndex="0"/><ap:TopicViewGroup ViewIndex="1"/><ap:Text Dirty="0000000000000001" PlainText="The Timing is Never Right" ReadOnly="false"><ap:Font/></ap:Text></ap:Topic><ap:Topic Dirty="0000000000000001" OId="HWtdxGhxik+Bnbka4xwd+A==" Gen="0000000000000000"><ap:TopicViewGroup ViewIndex="0"/><ap:TopicViewGroup ViewIndex="1"/><ap:Text Dirty="0000000000000001" PlainText="Ask for Forgiveness, Not Permission" ReadOnly="false"><ap:Font/></ap:Text></ap:Topic><ap:Topic Dirty="0000000000000001" OId="BYThggXhAEuOf1wT0qBGIA==" Gen="0000000000000000"><ap:TopicViewGroup ViewIndex="0"/><ap:TopicViewGroup ViewIndex="1"/><ap:Text Dirty="0000000000000001" PlainText="Emphasize Strengths, Don't Fix Weaknesses" ReadOnly="false"><ap:Font/></ap:Text></ap:Topic><ap:Topic Dirty="0000000000000001" OId="cP7P3M1ZvUq+4+gU2BiUzQ==" Gen="0000000000000000"><ap:TopicViewGroup ViewIndex="0"/><ap:TopicViewGroup ViewIndex="1"/><ap:Text Dirty="0000000000000001" PlainText="Things in Excess Become Their Opposite" ReadOnly="false"><ap:Font/></ap:Text></ap:Topic><ap:Topic Dirty="0000000000000001" OId="hyFHU+6XMkm9pXhcDGpoDA==" Gen="0000000000000000"><ap:TopicViewGroup ViewIndex="0"/><ap:TopicViewGroup ViewIndex="1"/><ap:Text Dirty="0000000000000001" PlainText="Money Alone is Not the Solution" ReadOnly="false"><ap:Font/></ap:Text></ap:Topic><ap:Topic Dirty="0000000000000001" OId="WasTSjy4eEWz5kRx+04fZw==" Gen="0000000000000000"><ap:TopicViewGroup ViewIndex="0"/><ap:TopicViewGroup ViewIndex="1"/><ap:Text Dirty="0000000000000001" PlainText="Relative Income More Important than Absolute Income" ReadOnly="false"><ap:Font/></ap:Text><ap:TopicLayout Dirty="0000000000000001" Width="89.793487548828125"/></ap:Topic><ap:Topic Dirty="0000000000000001" OId="Sl3rCPexTUao/BdOmtnl3A==" Gen="0000000000000000"><ap:TopicViewGroup ViewIndex="0"/><ap:TopicViewGroup ViewIndex="1"/><ap:Text Dirty="0000000000000001" PlainText="Distress Bad, Eustress Good" ReadOnly="false"><ap:Font/><ap:IgnoreSpellingRange From="14" To="21"/></ap:Text></ap:Topic></ap:SubTopics><ap:TopicViewGroup ViewIndex="0"><ap:Collapsed Collapsed="true" Dirty="0000000000000001"/></ap:TopicViewGroup><ap:TopicViewGroup ViewIndex="1"><ap:Collapsed Collapsed="true" Dirty="0000000000000001"/></ap:TopicViewGroup><ap:Text Dirty="0000000000000001" PlainText="Rules That Change the Rules" ReadOnly="false"><ap:Font/></ap:Text></ap:Topic><ap:Topic Dirty="0000000000000001" OId="ELv0AoInWEO7grrbBYfckg==" Gen="0000000000000000"><ap:SubTopics><ap:Topic Dirty="0000000000000001" OId="pVWDq8chHU+StfKy96NhTA==" Gen="0000000000000000"><ap:TopicViewGroup ViewIndex="0"/><ap:TopicViewGroup ViewIndex="1"/><ap:Text Dirty="0000000000000001" PlainText="Define Your Nightmare" ReadOnly="false"><ap:Font/></ap:Text></ap:Topic><ap:Topic Dirty="0000000000000001" OId="B/VOjAV7lES7pKPjTuEmFg==" Gen="0000000000000000"><ap:TopicViewGroup ViewIndex="0"/><ap:TopicViewGroup ViewIndex="1"/><ap:Text Dirty="0000000000000001" PlainText="Steps to Repair Damage?" ReadOnly="false"><ap:Font/></ap:Text></ap:Topic><ap:Topic Dirty="0000000000000001" OId="KiioBlmiGUuqMk36RZpACA==" Gen="0000000000000000"><ap:TopicViewGroup ViewIndex="0"/><ap:TopicViewGroup ViewIndex="1"/><ap:Text Dirty="0000000000000001" PlainText="What are the more likely outcomes?" ReadOnly="false"><ap:Font/></ap:Text></ap:Topic><ap:Topic Dirty="0000000000000001" OId="JDh58SpjAkmEyf05hyzEvA==" Gen="0000000000000000"><ap:TopicViewGroup ViewIndex="0"/><ap:TopicViewGroup ViewIndex="1"/><ap:Text Dirty="0000000000000001" PlainText="No job, then what?  How could you overcome?" ReadOnly="false"><ap:Font/></ap:Text></ap:Topic><ap:Topic Dirty="0000000000000001" OId="h6IzG403fkCzyv7eIWqThA==" Gen="0000000000000000"><ap:TopicViewGroup ViewIndex="0"/><ap:TopicViewGroup ViewIndex="1"/><ap:Text Dirty="0000000000000001" PlainText="What are you putting off out of fear?" ReadOnly="false"><ap:Font/></ap:Text></ap:Topic><ap:Topic Dirty="0000000000000001" OId="9F9xHvWJmU6M8k3tPdrqow==" Gen="0000000000000000"><ap:TopicViewGroup ViewIndex="0"/><ap:TopicViewGroup ViewIndex="1"/><ap:Text Dirty="0000000000000001" PlainText="What is the cost of postponing action?" ReadOnly="false"><ap:Font/></ap:Text></ap:Topic><ap:Topic Dirty="0000000000000001" OId="mAKcQEFi/USXiSGCEVpkrg==" Gen="0000000000000000"><ap:TopicViewGroup ViewIndex="0"/><ap:TopicViewGroup ViewIndex="1"/><ap:Text Dirty="0000000000000001" PlainText="What are you waiting for?" ReadOnly="false"><ap:Font/></ap:Text></ap:Topic></ap:SubTopics><ap:TopicViewGroup ViewIndex="0"><ap:Collapsed Collapsed="true" Dirty="0000000000000001"/></ap:TopicViewGroup><ap:TopicViewGroup ViewIndex="1"><ap:Collapsed Collapsed="true" Dirty="0000000000000001"/></ap:TopicViewGroup><ap:Text Dirty="0000000000000001" PlainText="Dodging Bullets" ReadOnly="false"><ap:Font/></ap:Text></ap:Topic><ap:Topic Dirty="0000000000000001" OId="kg9KY6kysUiIObBB/XOydg==" Gen="0000000000000000"><ap:SubTopics><ap:Topic Dirty="0000000000000001" OId="/Tzwq7sEWE+cpl9/fUMXaw==" Gen="0000000000000000"><ap:SubTopics><ap:Topic Dirty="0000000000000001" OId="jQAN3AvE4UatbyZmgexLLA==" Gen="0000000000000000"><ap:TopicViewGroup ViewIndex="0"/><ap:TopicViewGroup ViewIndex="1"/><ap:Text Dirty="0000000000000001" PlainText="From Ambiguous Wants to Specific Steps" ReadOnly="false"><ap:Font/></ap:Text></ap:Topic><ap:Topic Dirty="0000000000000001" OId="yIYwRtkX4EqluJIycYX1fw==" Gen="0000000000000000"><ap:TopicViewGroup ViewIndex="0"/><ap:TopicViewGroup ViewIndex="1"/><ap:Text Dirty="0000000000000001" PlainText="Must be unrealistic to be effective" ReadOnly="false"><ap:Font/></ap:Text></ap:Topic><ap:Topic Dirty="0000000000000001" OId="SYiUHbQgs0Kjuq6xOORglg==" Gen="0000000000000000"><ap:TopicViewGroup ViewIndex="0"/><ap:TopicViewGroup ViewIndex="1"/><ap:Text Dirty="0000000000000001" PlainText="Focus on activities to fill the void" ReadOnly="false"><ap:Font/></ap:Text></ap:Topic></ap:SubTopics><ap:TopicViewGroup ViewIndex="0"/><ap:TopicViewGroup ViewIndex="1"/><ap:Text Dirty="0000000000000001" PlainText="Goals" ReadOnly="false"><ap:Font/></ap:Text></ap:Topic><ap:Topic Dirty="0000000000000001" OId="WhiYurLcOUemw4hXeBJf2A==" Gen="0000000000000000"><ap:SubTopics><ap:Topic Dirty="0000000000000001" OId="jTjqGIPkE0y7LOxKgMBJhQ==" Gen="0000000000000000"><ap:TopicViewGroup ViewIndex="0"/><ap:TopicViewGroup ViewIndex="1"/><ap:Text Dirty="0000000000000001" PlainText="Place to visit" ReadOnly="false"><ap:Font/></ap:Text></ap:Topic><ap:Topic Dirty="0000000000000001" OId="C0vf7nZabUC9EO/N9nOmbw==" Gen="0000000000000000"><ap:TopicViewGroup ViewIndex="0"/><ap:TopicViewGroup ViewIndex="1"/><ap:Text Dirty="0000000000000001" PlainText="Memory of a lifetime" ReadOnly="false"><ap:Font/></ap:Text></ap:Topic><ap:Topic Dirty="0000000000000001" OId="TuU/Ol2FPEKsxobiZ9SOSQ==" Gen="0000000000000000"><ap:TopicViewGroup ViewIndex="0"/><ap:TopicViewGroup ViewIndex="1"/><ap:Text Dirty="0000000000000001" PlainText="Thing to do daily" ReadOnly="false"><ap:Font/></ap:Text></ap:Topic><ap:Topic Dirty="0000000000000001" OId="3gTeiFNht0WKFoZOT8QufA==" Gen="0000000000000000"><ap:TopicViewGroup ViewIndex="0"/><ap:TopicViewGroup ViewIndex="1"/><ap:Text Dirty="0000000000000001" PlainText="Things to do weekly" ReadOnly="false"><ap:Font/></ap:Text></ap:Topic><ap:Topic Dirty="0000000000000001" OId="MULiu0NysUiL5ao2l32/Jg==" Gen="0000000000000000"><ap:TopicViewGroup ViewIndex="0"/><ap:TopicViewGroup ViewIndex="1"/><ap:Text Dirty="0000000000000001" PlainText="Something you've wanted to learn" ReadOnly="false"><ap:Font/></ap:Text></ap:Topic></ap:SubTopics><ap:TopicViewGroup ViewIndex="0"/><ap:TopicViewGroup ViewIndex="1"/><ap:Text Dirty="0000000000000001" PlainText="What would you do if you could not fail?" ReadOnly="false"><ap:Font/></ap:Text></ap:Topic><ap:Topic Dirty="0000000000000001" OId="cAgu5OSjGUOwtVPjjPZHhw==" Gen="0000000000000000"><ap:TopicViewGroup ViewIndex="0"/><ap:TopicViewGroup ViewIndex="1"/><ap:Text Dirty="0000000000000001" PlainText="What does &quot;being&quot; entail?" ReadOnly="false"><ap:Font/></ap:Text></ap:Topic><ap:Topic Dirty="0000000000000001" OId="5plZj1ktgUW2grdNpgBTIA==" Gen="0000000000000000"><ap:SubTopics><ap:Topic Dirty="0000000000000001" OId="CyxfXds43kiF2pdR12zzRw==" Gen="0000000000000000"><ap:TopicViewGroup ViewIndex="0"/><ap:TopicViewGroup ViewIndex="1"/><ap:Text Dirty="0000000000000001" PlainText="Use dreamline" ReadOnly="false"><ap:Font/></ap:Text></ap:Topic></ap:SubTopics><ap:TopicViewGroup ViewIndex="0"/><ap:TopicViewGroup ViewIndex="1"/><ap:Text Dirty="0000000000000001" PlainText="Determine Top Dreams" ReadOnly="false"><ap:Font/></ap:Text></ap:Topic><ap:Topic Dirty="0000000000000001" OId="lU5kojSkD0STtxA6inXNTA==" Gen="0000000000000000"><ap:SubTopics><ap:Topic Dirty="0000000000000001" OId="D757wQ2ZCUCkqUOSnIFm6w==" Gen="0000000000000000"><ap:TopicViewGroup ViewIndex="0"/><ap:TopicViewGroup ViewIndex="1"/><ap:Text Dirty="0000000000000001" PlainText="Use TMI Worksheet" ReadOnly="false"><ap:Font/></ap:Text></ap:Topic></ap:SubTopics><ap:TopicViewGroup ViewIndex="0"/><ap:TopicViewGroup ViewIndex="1"/><ap:Text Dirty="0000000000000001" PlainText="What is the real cost of being / doing?" ReadOnly="false"><ap:Font/></ap:Text></ap:Topic><ap:Topic Dirty="0000000000000001" OId="V+rmGxFKFUmPxUAdqu2apA==" Gen="0000000000000000"><ap:TopicViewGroup ViewIndex="0"/><ap:TopicViewGroup ViewIndex="1"/><ap:Text Dirty="0000000000000001" PlainText="Determine three steps for each of four goals; do something NOW" ReadOnly="false"><ap:Font/></ap:Text><ap:TopicLayout Dirty="0000000000000001" Width="108.82044982910156"/></ap:Topic></ap:SubTopics><ap:TopicViewGroup ViewIndex="0"/><ap:TopicViewGroup ViewIndex="1"><ap:Collapsed Collapsed="true" Dirty="0000000000000001"/></ap:TopicViewGroup><ap:Text Dirty="0000000000000001" PlainText="System Reset" ReadOnly="false"><ap:Font/></ap:Text></ap:Topic></ap:SubTopics><ap:TopicViewGroup ViewIndex="0"><ap:Collapsed Collapsed="true" Dirty="0000000000000001"/></ap:TopicViewGroup><ap:TopicViewGroup ViewIndex="1"/><ap:Text Dirty="0000000000000001" PlainText="Step One: Definition" ReadOnly="false"><ap:Font/></ap:Text><ap:Offset Dirty="0000000000000001" CX="30." CY="0."/><ap:TopicLayout Dirty="0000000000000001" Width="40.48126220703125"/></ap:Topic><ap:Topic Dirty="0000000000000001" OId="nOd74LGfxEKC+y6iNZe1FA==" Gen="0000000000000000"><ap:SubTopics><ap:Topic Dirty="0000000000000001" OId="eOVbaLAA3kmaGg+vn5hXYA==" Gen="0000000000000000"><ap:TopicViewGroup ViewIndex="0"/><ap:TopicViewGroup ViewIndex="1"/><ap:Text Dirty="0000000000000001" PlainText="End of Time Management" ReadOnly="false"><ap:Font/></ap:Text></ap:Topic><ap:Topic Dirty="0000000000000001" OId="UALVPqIYgEaSSwBBOMA+Dw==" Gen="0000000000000000"><ap:TopicViewGroup ViewIndex="0"/><ap:TopicViewGroup ViewIndex="1"/><ap:Text Dirty="0000000000000001" PlainText="Low Information Diet" ReadOnly="false"><ap:Font/></ap:Text></ap:Topic><ap:Topic Dirty="0000000000000001" OId="pxaVrN0c7km5s6fSKk9cjw==" Gen="0000000000000000"><ap:SubTopics><ap:Topic Dirty="0000000000000001" OId="OeU4vvGmskK31gevLVSZuw==" Gen="0000000000000000"><ap:TopicViewGroup ViewIndex="0"/><ap:TopicViewGroup ViewIndex="1"/><ap:Text Dirty="0000000000000001" PlainText="Create systems to limit availability" ReadOnly="false"><ap:Font/></ap:Text></ap:Topic><ap:Topic Dirty="0000000000000001" OId="JHvQfDtwPUOwL05vpyzZlQ==" Gen="0000000000000000"><ap:TopicViewGroup ViewIndex="0"/><ap:TopicViewGroup ViewIndex="1"/><ap:Text Dirty="0000000000000001" PlainText="Batch Activities" ReadOnly="false"><ap:Font/></ap:Text></ap:Topic><ap:Topic Dirty="0000000000000001" OId="JQmm+ntSv0G6J1X/Pgg+6A==" Gen="0000000000000000"><ap:TopicViewGroup ViewIndex="0"/><ap:TopicViewGroup ViewIndex="1"/><ap:Text Dirty="0000000000000001" PlainText="Set autonomous rules and guidelines" ReadOnly="false"><ap:Font/></ap:Text></ap:Topic></ap:SubTopics><ap:TopicViewGroup ViewIndex="0"/><ap:TopicViewGroup ViewIndex="1"/><ap:Text Dirty="0000000000000001" PlainText="Interrupting Interruption" ReadOnly="false"><ap:Font/></ap:Text></ap:Topic></ap:SubTopics><ap:TopicViewGroup ViewIndex="0"><ap:Collapsed Collapsed="true" Dirty="0000000000000001"/></ap:TopicViewGroup><ap:TopicViewGroup ViewIndex="1"><ap:Collapsed Collapsed="true" Dirty="0000000000000001"/></ap:TopicViewGroup><ap:Text Dirty="0000000000000001" PlainText="Step Two: Elimination" ReadOnly="false"><ap:Font/></ap:Text><ap:Offset Dirty="0000000000000001" CX="30." CY="0."/></ap:Topic><ap:Topic Dirty="0000000000000001" OId="w9QYoVbQTE68z6h4Ot9cBw==" Gen="0000000000000000"><ap:SubTopics><ap:Topic Dirty="0000000000000001" OId="oY0nWK22FkOMcWsI+mwBJg==" Gen="0000000000000000"><ap:SubTopics><ap:Topic Dirty="0000000000000001" OId="+kkubGibnk2qLHHhC2hQ9w==" Gen="0000000000000000"><ap:SubTopics><ap:Topic Dirty="0000000000000001" OId="Yq25gVUgREmon85bpRZe5Q==" Gen="0000000000000000"><ap:TopicViewGroup ViewIndex="0"/><ap:TopicViewGroup ViewIndex="1"/><ap:Text Dirty="0000000000000001" PlainText="Request someone with excellent English skills, spoken and written - be selective." ReadOnly="false"><ap:Font/></ap:Text></ap:Topic><ap:Topic Dirty="0000000000000001" OId="ckqUCpiceEqvt3JyvqvHZQ==" Gen="0000000000000000"><ap:SubTopics><ap:Topic Dirty="0000000000000001" OId="7+KbvzZsgEO6G6V1Nw65CA==" Gen="0000000000000000"><ap:SubTopics><ap:Topic Dirty="0000000000000001" OId="xNLCPYikcEWdkyPKtuLLjw==" Gen="0000000000000000"><ap:SubTopics><ap:Topic Dirty="0000000000000001" OId="RjfB9GBdHkS0yqMDFntCcA==" Gen="0000000000000000"><ap:TopicViewGroup ViewIndex="0"/><ap:TopicViewGroup ViewIndex="1"/><ap:Text Dirty="0000000000000001" PlainText="phpBB Administration" ReadOnly="false"><ap:Font/></ap:Text><ap:Hyperlink HyperlinkSourceHandling="urn:mindjet:CopySource" HyperlinkType="urn:mindjet:Unknown" Dirty="0000000000000001" Name="" Url="http://adwordsblackbook.com/redroom/admin/index.php?admin=1&amp;sid=67a7640fe24004b97784333e075711d5" Hidden="false" Target="" Absolute="false" CachedName=""/></ap:Topic></ap:SubTopics><ap:TopicViewGroup ViewIndex="0"/><ap:TopicViewGroup ViewIndex="1"/><ap:Text Dirty="0000000000000001" PlainText="&quot;Please reply and confirm what you will do to complete this task." ReadOnly="false"><ap:Font/></ap:Text></ap:Topic></ap:SubTopics><ap:TopicViewGroup ViewIndex="0"/><ap:TopicViewGroup ViewIndex="1"/><ap:Text Dirty="0000000000000001" PlainText="Ask VAs to rephrase task to ensure they understand" ReadOnly="false"><ap:Font/></ap:Text></ap:Topic></ap:SubTopics><ap:TopicViewGroup ViewIndex="0"/><ap:TopicViewGroup ViewIndex="1"/><ap:Text Dirty="0000000000000001" PlainText="Give PRECISE directions" ReadOnly="false"><ap:Font/></ap:Text></ap:Topic><ap:Topic Dirty="0000000000000001" OId="AtQ8k/GI80S9HH/Q4SoweQ==" Gen="0000000000000000"><ap:TopicViewGroup ViewIndex="0"/><ap:TopicViewGroup ViewIndex="1"/><ap:Text Dirty="0000000000000001" PlainText="Request status update after 2-3 hours of work" ReadOnly="false"><ap:Font/></ap:Text></ap:Topic><ap:Topic Dirty="0000000000000001" OId="CTjrgBMm4U2LfMJhc9RWZg==" Gen="0000000000000000"><ap:TopicViewGroup ViewIndex="0"/><ap:TopicViewGroup ViewIndex="1"/><ap:Text Dirty="0000000000000001" PlainText="Assign tasks to be completed within 24-72 hours" ReadOnly="false"><ap:Font/></ap:Text></ap:Topic><ap:Topic Dirty="0000000000000001" OId="Bh5+XQC2zEWEGL6LnRu7Qg==" Gen="0000000000000000"><ap:TopicViewGroup ViewIndex="0"/><ap:TopicViewGroup ViewIndex="1"/><ap:Text Dirty="0000000000000001" PlainText="One task at a time; no more than two." ReadOnly="false"><ap:Font/></ap:Text></ap:Topic><ap:Topic Dirty="0000000000000001" OId="kTyjb9h71kSXMuwG5aLOuQ==" Gen="0000000000000000"><ap:TopicViewGroup ViewIndex="0"/><ap:TopicViewGroup ViewIndex="1"/><ap:Text Dirty="0000000000000001" PlainText="CLARITY and SIMPLICITY" ReadOnly="false"><ap:Font/></ap:Text></ap:Topic></ap:SubTopics><ap:TopicViewGroup ViewIndex="0"><ap:Collapsed Collapsed="true" Dirty="0000000000000001"/></ap:TopicViewGroup><ap:TopicViewGroup ViewIndex="1"><ap:Collapsed Collapsed="true" Dirty="0000000000000001"/></ap:TopicViewGroup><ap:Text Dirty="0000000000000001" PlainText="Outsourcing Guidelines" ReadOnly="false"><ap:Font/></ap:Text></ap:Topic></ap:SubTopics><ap:TopicViewGroup ViewIndex="0"><ap:Collapsed Collapsed="true" Dirty="0000000000000001"/></ap:TopicViewGroup><ap:TopicViewGroup ViewIndex="1"><ap:Collapsed Collapsed="true" Dirty="0000000000000001"/></ap:TopicViewGroup><ap:Text Dirty="0000000000000001" PlainText="Outsourcing Life" ReadOnly="false"><ap:Font/></ap:Text></ap:Topic><ap:Topic Dirty="0000000000000001" OId="kEzUQ6i1HU2DV4pBI2kiHw==" Gen="0000000000000000"><ap:SubTopics><ap:Topic Dirty="0000000000000001" OId="simJ4PooAkaPtzMT5nxgkw==" Gen="0000000000000000"><ap:SubTopics><ap:Topic Dirty="0000000000000001" OId="z8iyqWp8okaQ9izMY0DY5A==" Gen="0000000000000000"><ap:TopicViewGroup ViewIndex="0"/><ap:TopicViewGroup ViewIndex="1"/><ap:Text Dirty="0000000000000001" PlainText="Can be automated within four weeks" ReadOnly="false"><ap:Font/></ap:Text></ap:Topic><ap:Topic Dirty="0000000000000001" OId="eqHBLS718USQQBVZz+WxLQ==" Gen="0000000000000000"><ap:TopicViewGroup ViewIndex="0"/><ap:TopicViewGroup ViewIndex="1"/><ap:Text Dirty="0000000000000001" PlainText="Can't require more than one day per week of management" ReadOnly="false"><ap:Font/></ap:Text></ap:Topic><ap:Topic Dirty="0000000000000001" OId="PVTJy2PgeUGJsqbundm4YA==" Gen="0000000000000000"><ap:TopicViewGroup ViewIndex="0"/><ap:TopicViewGroup ViewIndex="1"/><ap:Text Dirty="0000000000000001" PlainText="OBJECTIVE: Cash Flow and Time" ReadOnly="false"><ap:Font/></ap:Text></ap:Topic></ap:SubTopics><ap:TopicViewGroup ViewIndex="0"/><ap:TopicViewGroup ViewIndex="1"/><ap:Text Dirty="0000000000000001" PlainText="Product Guidelines" ReadOnly="false"><ap:Font/></ap:Text></ap:Topic><ap:Topic Dirty="0000000000000001" OId="9beBTf2q+EScn7ithqyz+w==" Gen="0000000000000000"><ap:TopicViewGroup ViewIndex="0"/><ap:TopicViewGroup ViewIndex="1"/><ap:Text Dirty="0000000000000001" PlainText="Position as Premium Product" ReadOnly="false"><ap:Font/></ap:Text></ap:Topic><ap:Topic Dirty="0000000000000001" OId="h6eqYGX4E06OYAR30zXKjQ==" Gen="0000000000000000"><ap:TopicViewGroup ViewIndex="0"/><ap:TopicViewGroup ViewIndex="1"/><ap:Text Dirty="0000000000000001" PlainText="Limit resellers to ONE, no more." ReadOnly="false"><ap:Font/></ap:Text></ap:Topic><ap:Topic Dirty="0000000000000001" OId="+puT5DHr9kelg0ZNEEy0XQ==" Gen="0000000000000000"><ap:SubTopics><ap:Topic Dirty="0000000000000001" OId="xnoMZooahUmfO/Yff4/c3A==" Gen="0000000000000000"><ap:TopicViewGroup ViewIndex="0"/><ap:TopicViewGroup ViewIndex="1"/><ap:Text Dirty="0000000000000001" PlainText="Be a member of your target market" ReadOnly="false"><ap:Font/></ap:Text></ap:Topic></ap:SubTopics><ap:TopicViewGroup ViewIndex="0"/><ap:TopicViewGroup ViewIndex="1"/><ap:Text Dirty="0000000000000001" PlainText="Step One: Pick an Affordably Reachable Niche Market" ReadOnly="false"><ap:Font/></ap:Text><ap:Offset Dirty="0000000000000001" CX="71.581253051757813" CY="228.53855895996094"/></ap:Topic><ap:Topic Dirty="0000000000000001" OId="w2mCSI9ynE+NjQ8FD+8oOA==" Gen="0000000000000000"><ap:SubTopics><ap:Topic Dirty="0000000000000001" OId="Y0EAU8zcP0ieNCJPY0SqGw==" Gen="0000000000000000"><ap:TopicViewGroup ViewIndex="0"/><ap:TopicViewGroup ViewIndex="1"/><ap:Text Dirty="0000000000000001" PlainText="Full page ad under $5000" ReadOnly="false"><ap:Font/></ap:Text></ap:Topic><ap:Topic Dirty="0000000000000001" OId="5j5myyX7JUG5uWoGrH47pQ==" Gen="0000000000000000"><ap:TopicViewGroup ViewIndex="0"/><ap:TopicViewGroup ViewIndex="1"/><ap:Text Dirty="0000000000000001" PlainText="Minimum 15000 readers" ReadOnly="false"><ap:Font/></ap:Text></ap:Topic><ap:Topic Dirty="0000000000000001" OId="GK2oTyd0gkCAs4WaAx1REQ==" Gen="0000000000000000"><ap:TopicViewGroup ViewIndex="0"/><ap:TopicViewGroup ViewIndex="1"/><ap:Text Dirty="0000000000000001" PlainText="Main benefit explainable in one sentence" ReadOnly="false"><ap:Font/></ap:Text></ap:Topic><ap:Topic Dirty="0000000000000001" OId="24rtayazN0KGGDi0VQgxAw==" Gen="0000000000000000"><ap:SubTopics><ap:Topic Dirty="0000000000000001" OId="BEuV1s1UA0CJrR+EC8LFpw==" Gen="0000000000000000"><ap:TopicViewGroup ViewIndex="0"/><ap:TopicViewGroup ViewIndex="1"/><ap:Text Dirty="0000000000000001" PlainText="Price high, then justify" ReadOnly="false"><ap:Font/></ap:Text></ap:Topic></ap:SubTopics><ap:TopicViewGroup ViewIndex="0"/><ap:TopicViewGroup ViewIndex="1"/><ap:Text Dirty="0000000000000001" PlainText="Should cost $50-200 dollars" ReadOnly="false"><ap:Font/></ap:Text></ap:Topic><ap:Topic Dirty="0000000000000001" OId="FxF/ABZZGUKNY5+9EmWkhw==" Gen="0000000000000000"><ap:TopicViewGroup ViewIndex="0"/><ap:TopicViewGroup ViewIndex="1"/><ap:Text Dirty="0000000000000001" PlainText="Fully explainable in an FAQ" ReadOnly="false"><ap:Font/></ap:Text></ap:Topic><ap:Topic Dirty="0000000000000001" OId="K27ee4ptDEaeyB4xWu8ZVw==" Gen="0000000000000000"><ap:SubTopics><ap:Topic Dirty="0000000000000001" OId="JtNbEjzb906VLNw6GJseFQ==" Gen="0000000000000000"><ap:TopicViewGroup ViewIndex="0"/><ap:TopicViewGroup ViewIndex="1"/><ap:Text Dirty="0000000000000001" PlainText="Best for as a back-end product" ReadOnly="false"><ap:Font/></ap:Text></ap:Topic></ap:SubTopics><ap:TopicViewGroup ViewIndex="0"/><ap:TopicViewGroup ViewIndex="1"/><ap:Text Dirty="0000000000000001" PlainText="Option One: Resell a Product" ReadOnly="false"><ap:Font/></ap:Text></ap:Topic><ap:Topic Dirty="0000000000000001" OId="R/ELId6XM0CjGnCGcGp+cg==" Gen="0000000000000000"><ap:TopicViewGroup ViewIndex="0"/><ap:TopicViewGroup ViewIndex="1"/><ap:Text Dirty="0000000000000001" PlainText="Option Two: License a Product" ReadOnly="false"><ap:Font/></ap:Text></ap:Topic><ap:Topic Dirty="0000000000000001" OId="E/o1x30eEk6nZDbdslcTqw==" Gen="0000000000000000"><ap:TopicViewGroup ViewIndex="0"/><ap:TopicViewGroup ViewIndex="1"/><ap:Text Dirty="0000000000000001" PlainText="Option Three: Create a Product" ReadOnly="false"><ap:Font/></ap:Text></ap:Topic></ap:SubTopics><ap:TopicViewGroup ViewIndex="0"/><ap:TopicViewGroup ViewIndex="1"/><ap:Text Dirty="0000000000000001" PlainText="Step Two: Brainstorm (Do Not Invest in) Products" ReadOnly="false"><ap:Font/></ap:Text></ap:Topic></ap:SubTopics><ap:TopicViewGroup ViewIndex="0"/><ap:TopicViewGroup ViewIndex="1"/><ap:Text Dirty="0000000000000001" PlainText="Finding the Muse" ReadOnly="false"><ap:Font/></ap:Text></ap:Topic><ap:Topic Dirty="0000000000000001" OId="RFrOJI/J20qBhHEeJgpKgQ==" Gen="0000000000000000"><ap:SubTopics><ap:Topic Dirty="0000000000000001" OId="gexOFCDEu0ajor5C53Uzxg==" Gen="0000000000000000"><ap:SubTopics><ap:Topic Dirty="0000000000000001" OId="LNsp0m9CJ0SrhucLY0uBOQ==" Gen="0000000000000000"><ap:SubTopics><ap:Topic Dirty="0000000000000001" OId="EPvhzdwNLUuwEXoDFJNGbw==" Gen="0000000000000000"><ap:SubTopics><ap:Topic Dirty="0000000000000001" OId="7f1JPqcrBU2dfuit4bpisQ==" Gen="0000000000000000"><ap:TopicViewGroup ViewIndex="0"/><ap:TopicViewGroup ViewIndex="1"/><ap:Text Dirty="0000000000000001" PlainText="Media" ReadOnly="false"><ap:Font/></ap:Text></ap:Topic><ap:Topic Dirty="0000000000000001" OId="I776VH771E6y6SLMTz3m3Q==" Gen="0000000000000000"><ap:TopicViewGroup ViewIndex="0"/><ap:TopicViewGroup ViewIndex="1"/><ap:Text Dirty="0000000000000001" PlainText="Academia" ReadOnly="false"><ap:Font/></ap:Text></ap:Topic><ap:Topic Dirty="0000000000000001" OId="vLaEdFPiVEyhvYywxPGBMw==" Gen="0000000000000000"><ap:TopicViewGroup ViewIndex="0"/><ap:TopicViewGroup ViewIndex="1"/><ap:Text Dirty="0000000000000001" PlainText="associations" ReadOnly="false"><ap:Font/></ap:Text></ap:Topic><ap:Topic Dirty="0000000000000001" OId="CLdMAV55+kC012MThy/Xqg==" Gen="0000000000000000"><ap:TopicViewGroup ViewIndex="0"/><ap:TopicViewGroup ViewIndex="1"/><ap:Text Dirty="0000000000000001" PlainText="Testimonials" ReadOnly="false"><ap:Font/></ap:Text></ap:Topic></ap:SubTopics><ap:TopicViewGroup ViewIndex="0"/><ap:TopicViewGroup ViewIndex="1"/><ap:Text Dirty="0000000000000001" PlainText="Use more credibility indicators " ReadOnly="false"><ap:Font/></ap:Text></ap:Topic><ap:Topic Dirty="0000000000000001" OId="ijN7oBelC0WbMgtBIZtIlQ==" Gen="0000000000000000"><ap:TopicViewGroup ViewIndex="0"/><ap:TopicViewGroup ViewIndex="1"/><ap:Text Dirty="0000000000000001" PlainText="Better guarantee" ReadOnly="false"><ap:Font/></ap:Text></ap:Topic><ap:Topic Dirty="0000000000000001" OId="ZAjrGbekwUmBDDfSaSZqKQ==" Gen="0000000000000000"><ap:TopicViewGroup ViewIndex="0"/><ap:TopicViewGroup ViewIndex="1"/><ap:Text Dirty="0000000000000001" PlainText="Better selection" ReadOnly="false"><ap:Font/></ap:Text></ap:Topic><ap:Topic Dirty="0000000000000001" OId="lvUzFOiGG0e4MBLBEsrxYg==" Gen="0000000000000000"><ap:TopicViewGroup ViewIndex="0"/><ap:TopicViewGroup ViewIndex="1"/><ap:Text Dirty="0000000000000001" PlainText="Free or faster shipping" ReadOnly="false"><ap:Font/></ap:Text></ap:Topic></ap:SubTopics><ap:TopicViewGroup ViewIndex="0"/><ap:TopicViewGroup ViewIndex="1"/><ap:Text Dirty="0000000000000001" PlainText="Best" ReadOnly="false"><ap:Font/></ap:Text></ap:Topic><ap:Topic Dirty="0000000000000001" OId="3uhWMR527ESfDTc7Wu1p9w==" Gen="0000000000000000"><ap:TopicViewGroup ViewIndex="0"/><ap:TopicViewGroup ViewIndex="1"/><ap:Text Dirty="0000000000000001" PlainText="Test" ReadOnly="false"><ap:Font/></ap:Text></ap:Topic><ap:Topic Dirty="0000000000000001" OId="/cir5V0yV0KLxe05bgpylw==" Gen="0000000000000000"><ap:TopicViewGroup ViewIndex="0"/><ap:TopicViewGroup ViewIndex="1"/><ap:Text Dirty="0000000000000001" PlainText="Divest or Invest" ReadOnly="false"><ap:Font/></ap:Text></ap:Topic></ap:SubTopics><ap:TopicViewGroup ViewIndex="0"/><ap:TopicViewGroup ViewIndex="1"/><ap:Text Dirty="0000000000000001" PlainText="Step Three: Micro-test your Products" ReadOnly="false"><ap:Font/></ap:Text></ap:Topic></ap:SubTopics><ap:TopicViewGroup ViewIndex="0"/><ap:TopicViewGroup ViewIndex="1"/><ap:Text Dirty="0000000000000001" PlainText="Testing the Muse" ReadOnly="false"><ap:Font/></ap:Text></ap:Topic><ap:Topic Dirty="0000000000000001" OId="UDkyCelqR0e5rZEgLauoCQ==" Gen="0000000000000000"><ap:SubTopics><ap:Topic Dirty="0000000000000001" OId="wRf4is9E7U2bffGxO4CenA==" Gen="0000000000000000"><ap:TopicViewGroup ViewIndex="0"/><ap:TopicViewGroup ViewIndex="1"/><ap:Text Dirty="0000000000000001" PlainText="Once you have a product that sells, it's time to design a self-correcting business architecture that runs itself." ReadOnly="false"><ap:Font/></ap:Text></ap:Topic><ap:Topic Dirty="0000000000000001" OId="7UJtk+gb/k6c6n4pSU2h6w==" Gen="0000000000000000"><ap:SubTopics><ap:Topic Dirty="0000000000000001" OId="bx3RII8+G0mXanVJjWDFtw==" Gen="0000000000000000"><ap:TopicViewGroup ViewIndex="0"/><ap:TopicViewGroup ViewIndex="1"/><ap:Text Dirty="0000000000000001" PlainText="MoneyMapX" ReadOnly="false"><ap:Font/></ap:Text></ap:Topic></ap:SubTopics><ap:TopicViewGroup ViewIndex="0"/><ap:TopicViewGroup ViewIndex="1"/><ap:Text Dirty="0000000000000001" PlainText="Create an organizational map of what the eventual business will look like" ReadOnly="false"><ap:Font/></ap:Text></ap:Topic><ap:Topic Dirty="0000000000000001" OId="FXEo8CPqEk2totOGXvRAXg==" Gen="0000000000000000"><ap:SubTopics><ap:Topic Dirty="0000000000000001" OId="yAz7M+pADke2H5cpJrrOyw==" Gen="0000000000000000"><ap:TopicViewGroup ViewIndex="0"/><ap:TopicViewGroup ViewIndex="1"/><ap:Text Dirty="0000000000000001" PlainText="Phase One: Do it all yourself" ReadOnly="false"><ap:Font/></ap:Text></ap:Topic><ap:Topic Dirty="0000000000000001" OId="9JMivDNZLkqDS5pDc50ADg==" Gen="0000000000000000"><ap:TopicViewGroup ViewIndex="0"/><ap:TopicViewGroup ViewIndex="1"/><ap:Text Dirty="0000000000000001" PlainText="Phase Two: Start outsourcing; putting systems in place." ReadOnly="false"><ap:Font/></ap:Text></ap:Topic><ap:Topic Dirty="0000000000000001" OId="EMymHgq+KEumqAxdIkZ8FQ==" Gen="0000000000000000"><ap:TopicViewGroup ViewIndex="0"/><ap:TopicViewGroup ViewIndex="1"/><ap:Text Dirty="0000000000000001" PlainText="Phase Three: Outsource everything" ReadOnly="false"><ap:Font/></ap:Text></ap:Topic></ap:SubTopics><ap:TopicViewGroup ViewIndex="0"/><ap:TopicViewGroup ViewIndex="1"/><ap:Text Dirty="0000000000000001" PlainText="Remove Yourself From the Equation" ReadOnly="false"><ap:Font/></ap:Text></ap:Topic></ap:SubTopics><ap:TopicViewGroup ViewIndex="0"/><ap:TopicViewGroup ViewIndex="1"/><ap:Text Dirty="0000000000000001" PlainText="Management by Absence" ReadOnly="false"><ap:Font/></ap:Text></ap:Topic></ap:SubTopics><ap:TopicViewGroup ViewIndex="0"><ap:Collapsed Collapsed="true" Dirty="0000000000000001"/></ap:TopicViewGroup><ap:TopicViewGroup ViewIndex="1"><ap:Collapsed Collapsed="true" Dirty="0000000000000001"/></ap:TopicViewGroup><ap:Text Dirty="0000000000000001" PlainText="Step Three: Automation" ReadOnly="false"><ap:Font/></ap:Text><ap:Offset Dirty="0000000000000001" CX="30." CY="0."/></ap:Topic><ap:Topic Dirty="0000000000000001" OId="+6kRVl9yPUG2ct+3tewA7g==" Gen="0000000000000000"><ap:SubTopics><ap:Topic Dirty="0000000000000001" OId="J81Db8MXZk+ztzaRJBbrzg==" Gen="0000000000000000"><ap:TopicViewGroup ViewIndex="0"/><ap:TopicViewGroup ViewIndex="1"/><ap:Text Dirty="0000000000000001" PlainText="Mini-retirements" ReadOnly="false"><ap:Font/></ap:Text></ap:Topic><ap:Topic Dirty="0000000000000001" OId="s5FOpKFwN0WPrngUFf59YA==" Gen="0000000000000000"><ap:TopicViewGroup ViewIndex="0"/><ap:TopicViewGroup ViewIndex="1"/><ap:Text Dirty="0000000000000001" PlainText="Disappearing Act" ReadOnly="false"><ap:Font/></ap:Text></ap:Topic><ap:Topic Dirty="0000000000000001" OId="yvKXyTWGU0CZKv9i6V8muw==" Gen="0000000000000000"><ap:TopicViewGroup ViewIndex="0"/><ap:TopicViewGroup ViewIndex="1"/><ap:Text Dirty="0000000000000001" PlainText="Killing Your Job" ReadOnly="false"><ap:Font/></ap:Text></ap:Topic><ap:Topic Dirty="0000000000000001" OId="6YYIY3L6REaEhn+/7x9lSg==" Gen="0000000000000000"><ap:TopicViewGroup ViewIndex="0"/><ap:TopicViewGroup ViewIndex="1"/><ap:Text Dirty="0000000000000001" PlainText="Filling the Void" ReadOnly="false"><ap:Font/></ap:Text></ap:Topic><ap:Topic Dirty="0000000000000001" OId="dNk+q1IQ002C/R6JE8DeVw==" Gen="0000000000000000"><ap:SubTopics><ap:Topic Dirty="0000000000000001" OId="DILHC/6jwUGg9j7MpvTUug==" Gen="0000000000000000"><ap:TopicViewGroup ViewIndex="0"/><ap:TopicViewGroup ViewIndex="1"/><ap:Text Dirty="0000000000000001" PlainText="Losing site of dreams; falling into work for works sake" ReadOnly="false"><ap:Font/></ap:Text></ap:Topic><ap:Topic Dirty="0000000000000001" OId="3psZFyzKyEORcLL892M9aw==" Gen="0000000000000000"><ap:TopicViewGroup ViewIndex="0"/><ap:TopicViewGroup ViewIndex="1"/><ap:Text Dirty="0000000000000001" PlainText="Micro-managing and emailing" ReadOnly="false"><ap:Font/></ap:Text></ap:Topic><ap:Topic Dirty="0000000000000001" OId="dpDg0WKpIkab4yYD3cEvWA==" Gen="0000000000000000"><ap:TopicViewGroup ViewIndex="0"/><ap:TopicViewGroup ViewIndex="1"/><ap:Text Dirty="0000000000000001" PlainText="Handling problems others can handle" ReadOnly="false"><ap:Font/></ap:Text></ap:Topic><ap:Topic Dirty="0000000000000001" OId="op8sAnaSrk+scLSHgGUtew==" Gen="0000000000000000"><ap:TopicViewGroup ViewIndex="0"/><ap:TopicViewGroup ViewIndex="1"/><ap:Text Dirty="0000000000000001" PlainText="Helping helpers with same problem more than once" ReadOnly="false"><ap:Font/></ap:Text></ap:Topic><ap:Topic Dirty="0000000000000001" OId="XzJvYZfEWkSE2OyBIdA3Fw==" Gen="0000000000000000"><ap:TopicViewGroup ViewIndex="0"/><ap:TopicViewGroup ViewIndex="1"/><ap:Text Dirty="0000000000000001" PlainText="Chasing customers you don't need or want" ReadOnly="false"><ap:Font/></ap:Text></ap:Topic><ap:Topic Dirty="0000000000000001" OId="5DyQrHqvM02j2P5hw+vikw==" Gen="0000000000000000"><ap:TopicViewGroup ViewIndex="0"/><ap:TopicViewGroup ViewIndex="1"/><ap:Text Dirty="0000000000000001" PlainText="Answering e-mail that will not result in a sale, or that can be answered by FAQ or autoresponder" ReadOnly="false"><ap:Font/></ap:Text></ap:Topic><ap:Topic Dirty="0000000000000001" OId="vuCuP7GesUy/vXniVwXSfQ==" Gen="0000000000000000"><ap:TopicViewGroup ViewIndex="0"/><ap:TopicViewGroup ViewIndex="1"/><ap:Text Dirty="0000000000000001" PlainText="Working where you live and sleep" ReadOnly="false"><ap:Font/></ap:Text></ap:Topic><ap:Topic Dirty="0000000000000001" OId="5l4AZg8lJEKVqMVXRMzKVA==" Gen="0000000000000000"><ap:TopicViewGroup ViewIndex="0"/><ap:TopicViewGroup ViewIndex="1"/><ap:Text Dirty="0000000000000001" PlainText="Not performing 80/20 analysis every 2-4 weeks" ReadOnly="false"><ap:Font/></ap:Text></ap:Topic><ap:Topic Dirty="0000000000000001" OId="xfEwnlINaEeslsAEGZwgwQ==" Gen="0000000000000000"><ap:TopicViewGroup ViewIndex="0"/><ap:TopicViewGroup ViewIndex="1"/><ap:Text Dirty="0000000000000001" PlainText="Striving for endless perfection" ReadOnly="false"><ap:Font/></ap:Text></ap:Topic><ap:Topic Dirty="0000000000000001" OId="2m8limrrZEWFh83H/DXKGA==" Gen="0000000000000000"><ap:TopicViewGroup ViewIndex="0"/><ap:TopicViewGroup ViewIndex="1"/><ap:Text Dirty="0000000000000001" PlainText="Blowing small problems out of proportion" ReadOnly="false"><ap:Font/></ap:Text></ap:Topic><ap:Topic Dirty="0000000000000001" OId="EMMt6z5yyEmERZxUwW3z8A==" Gen="0000000000000000"><ap:TopicViewGroup ViewIndex="0"/><ap:TopicViewGroup ViewIndex="1"/><ap:Text Dirty="0000000000000001" PlainText="Making non-time-sensitive issues urgent" ReadOnly="false"><ap:Font/></ap:Text></ap:Topic><ap:Topic Dirty="0000000000000001" OId="S10MlrGHEki6SFv5kfTirg==" Gen="0000000000000000"><ap:TopicViewGroup ViewIndex="0"/><ap:TopicViewGroup ViewIndex="1"/><ap:Text Dirty="0000000000000001" PlainText="Viewing one product, job, or project as the end-all" ReadOnly="false"><ap:Font/></ap:Text></ap:Topic><ap:Topic Dirty="0000000000000001" OId="t8hL7EabgE+cN9lP9Sq8/A==" Gen="0000000000000000"><ap:TopicViewGroup ViewIndex="0"/><ap:TopicViewGroup ViewIndex="1"/><ap:Text Dirty="0000000000000001" PlainText="Ignoring social rewards of life" ReadOnly="false"><ap:Font/></ap:Text></ap:Topic></ap:SubTopics><ap:TopicViewGroup ViewIndex="0"/><ap:TopicViewGroup ViewIndex="1"/><ap:Text Dirty="0000000000000001" PlainText="13 New Rich Mistakes" ReadOnly="false"><ap:Font/></ap:Text><ap:Offset Dirty="0000000000000001" CX="268.56069946289062" CY="508.94033813476562"/></ap:Topic></ap:SubTopics><ap:TopicViewGroup ViewIndex="0"><ap:Collapsed Collapsed="true" Dirty="0000000000000001"/></ap:TopicViewGroup><ap:TopicViewGroup ViewIndex="1"><ap:Collapsed Collapsed="true" Dirty="0000000000000001"/></ap:TopicViewGroup><ap:Text Dirty="0000000000000001" PlainText="Step Four: Liberation" ReadOnly="false"><ap:Font/></ap:Text><ap:Offset Dirty="0000000000000001" CX="30." CY="0."/></ap:Topic></ap:SubTopics><ap:FloatingTopics><ap:Topic Dirty="0000000000000001" OId="5WUBP2j5zUa3h7nI8qxLlg==" Gen="0000000000000000"><ap:SubTopics><ap:Topic Dirty="0000000000000001" OId="uO3cO1USGUyAwZIOnfeIrA==" Gen="0000000000000000"><ap:TopicViewGroup ViewIndex="0"/><ap:TopicViewGroup ViewIndex="1"/><ap:Text Dirty="0000000000000001" PlainText="Join 2 or 3 related trade organizations" ReadOnly="false"><ap:Font/></ap:Text></ap:Topic><ap:Topic Dirty="0000000000000001" OId="o6hd5LBfKEO8SAzPs2uR9A==" Gen="0000000000000000"><ap:TopicViewGroup ViewIndex="0"/><ap:TopicViewGroup ViewIndex="1"/><ap:Text Dirty="0000000000000001" PlainText="Read the 3 top selling books on your topic" ReadOnly="false"><ap:Font/></ap:Text></ap:Topic><ap:Topic Dirty="0000000000000001" OId="YogJ3RMmXUivVBBwKpnGbw==" Gen="0000000000000000"><ap:TopicViewGroup ViewIndex="0"/><ap:TopicViewGroup ViewIndex="1"/><ap:Text Dirty="0000000000000001" PlainText="Give a free 1-3 hour seminar at the closest well-known university then do the same at branches of two well-known companies" ReadOnly="false"><ap:Font/></ap:Text></ap:Topic><ap:Topic Dirty="0000000000000001" OId="6yZJSHjY60qZWkR1ctZGcg==" Gen="0000000000000000"><ap:TopicViewGroup ViewIndex="0"/><ap:TopicViewGroup ViewIndex="1"/><ap:Text Dirty="0000000000000001" PlainText="Write 1-2 articles for trade magazines" ReadOnly="false"><ap:Font/></ap:Text></ap:Topic><ap:Topic Dirty="0000000000000001" OId="bj2akfXZUUqZ7HdwDUg5fg==" Gen="0000000000000000"><ap:TopicViewGroup ViewIndex="0"/><ap:TopicViewGroup ViewIndex="1"/><ap:Text Dirty="0000000000000001" PlainText="Join ProfNet" ReadOnly="false"><ap:Font/></ap:Text></ap:Topic></ap:SubTopics><ap:TopicViewGroup ViewIndex="0"/><ap:TopicViewGroup ViewIndex="1"/><ap:Text Dirty="0000000000000001" PlainText="How to Become a Top Expert in 4 Weeks" ReadOnly="false"><ap:Font/></ap:Text><ap:Offset OffsetPriority="7" Dirty="0000000000000001" CX="259.23077392578125" CY="7.6725282669067383"/></ap:Topic><ap:Topic Dirty="0000000000000001" OId="uyhoxaBzQ02umvh1pObP3A==" Gen="0000000000000000"><ap:SubTopics><ap:Topic Dirty="0000000000000001" OId="qskMCE+mzUaUA+wXqryQ1w==" Gen="0000000000000000"><ap:TopicViewGroup ViewIndex="0"/><ap:TopicViewGroup ViewIndex="1"/><ap:Text Dirty="0000000000000001" PlainText="Market Selection" ReadOnly="false"><ap:Font/></ap:Text></ap:Topic><ap:Topic Dirty="0000000000000001" OId="oeNFnmKP7UeiYISfTrfNMw==" Gen="0000000000000000"><ap:TopicViewGroup ViewIndex="0"/><ap:TopicViewGroup ViewIndex="1"/><ap:Text Dirty="0000000000000001" PlainText="Product Brainstorm" ReadOnly="false"><ap:Font/></ap:Text></ap:Topic><ap:Topic Dirty="0000000000000001" OId="eF8dMUjER0WOOsvc21eJ0Q==" Gen="0000000000000000"><ap:TopicViewGroup ViewIndex="0"/><ap:TopicViewGroup ViewIndex="1"/><ap:Text Dirty="0000000000000001" PlainText="Micro-testing" ReadOnly="false"><ap:Font/></ap:Text></ap:Topic><ap:Topic Dirty="0000000000000001" OId="f/HImvelskCpyOPWjYpkSw==" Gen="0000000000000000"><ap:TopicViewGroup ViewIndex="0"/><ap:TopicViewGroup ViewIndex="1"/><ap:Text Dirty="0000000000000001" PlainText="Rollout and Automation" ReadOnly="false"><ap:Font/></ap:Text></ap:Topic></ap:SubTopics><ap:TopicViewGroup ViewIndex="0"/><ap:TopicViewGroup ViewIndex="1"/><ap:Text Dirty="0000000000000001" PlainText="Income Autopilot" ReadOnly="false"><ap:Font/></ap:Text><ap:Offset OffsetPriority="5" Dirty="0000000000000001" CX="258.40225219726562" CY="88.038787841796875"/></ap:Topic><ap:Topic Dirty="0000000000000001" OId="p10ZUzgChEiUCJOookGThg==" Gen="0000000000000000"><ap:SubTopics><ap:Topic Dirty="0000000000000001" OId="v7xvIkHkHUqp/edt0IkcnA==" Gen="0000000000000000"><ap:TopicViewGroup ViewIndex="0"/><ap:TopicViewGroup ViewIndex="1"/><ap:Text Dirty="0000000000000001" PlainText="Offer one or two purchase options, only" ReadOnly="false"><ap:Font/></ap:Text></ap:Topic><ap:Topic Dirty="0000000000000001" OId="V4YNILqyL0myRTKnzLmmLQ==" Gen="0000000000000000"><ap:TopicViewGroup ViewIndex="0"/><ap:TopicViewGroup ViewIndex="1"/><ap:Text Dirty="0000000000000001" PlainText="Do not offer overnight or expedited shipping" ReadOnly="false"><ap:Font/></ap:Text></ap:Topic><ap:Topic Dirty="0000000000000001" OId="9ZQUW0ceUkaDzf5VWPAaQw==" Gen="0000000000000000"><ap:TopicViewGroup ViewIndex="0"/><ap:TopicViewGroup ViewIndex="1"/><ap:Text Dirty="0000000000000001" PlainText="Eliminate phone orders" ReadOnly="false"><ap:Font/></ap:Text></ap:Topic><ap:Topic Dirty="0000000000000001" OId="ByRICYZnGUWrT+gTm6VCRA==" Gen="0000000000000000"><ap:TopicViewGroup ViewIndex="0"/><ap:TopicViewGroup ViewIndex="1"/><ap:Text Dirty="0000000000000001" PlainText="Do not offer International shipping" ReadOnly="false"><ap:Font/></ap:Text></ap:Topic><ap:Topic Dirty="0000000000000001" OId="hZnJ5ir4p0aNGbiOH6J5mQ==" Gen="0000000000000000"><ap:TopicViewGroup ViewIndex="0"/><ap:TopicViewGroup ViewIndex="1"/><ap:Text Dirty="0000000000000001" PlainText="Offer low-priced products; not free products" ReadOnly="false"><ap:Font/></ap:Text></ap:Topic><ap:Topic Dirty="0000000000000001" OId="hs4XsIFDjkOP7dYFitC2ng==" Gen="0000000000000000"><ap:TopicViewGroup ViewIndex="0"/><ap:TopicViewGroup ViewIndex="1"/><ap:Text Dirty="0000000000000001" PlainText="Lose-win guarantees" ReadOnly="false"><ap:Font/></ap:Text></ap:Topic></ap:SubTopics><ap:TopicViewGroup ViewIndex="0"/><ap:TopicViewGroup ViewIndex="1"/><ap:Text Dirty="0000000000000001" PlainText="Rules of Simplicity" ReadOnly="false"><ap:Font/></ap:Text><ap:Offset OffsetPriority="3" Dirty="0000000000000001" CX="258.40231323242187" CY="140.23542785644531"/></ap:Topic><ap:Topic Dirty="0000000000000001" OId="689nyp/e5EGjHmkpHBsKpQ==" Gen="0000000000000000"><ap:SubTopics><ap:Topic Dirty="0000000000000001" OId="16p94Fu1xUiwClKJGdnaQw==" Gen="0000000000000000"><ap:TopicViewGroup ViewIndex="0"/><ap:TopicViewGroup ViewIndex="1"/><ap:Text Dirty="0000000000000001" PlainText="Don't be the CEO or Founder" ReadOnly="false"><ap:Font/></ap:Text></ap:Topic><ap:Topic Dirty="0000000000000001" OId="a1Xb2VchZU++AWBFpjVaOQ==" Gen="0000000000000000"><ap:TopicViewGroup ViewIndex="0"/><ap:TopicViewGroup ViewIndex="1"/><ap:Text Dirty="0000000000000001" PlainText="Put multiple emails and phone contacts on web site" ReadOnly="false"><ap:Font/></ap:Text></ap:Topic><ap:Topic Dirty="0000000000000001" OId="2xnF39tuZkaOLz6WoACPAg==" Gen="0000000000000000"><ap:TopicViewGroup ViewIndex="0"/><ap:TopicViewGroup ViewIndex="1"/><ap:Text Dirty="0000000000000001" PlainText="Set up Interactive Voice Response (IVR) remote receptionist" ReadOnly="false"><ap:Font/></ap:Text></ap:Topic><ap:Topic Dirty="0000000000000001" OId="4wt5kNL5WEe2U34cT7+hQg==" Gen="0000000000000000"><ap:TopicViewGroup ViewIndex="0"/><ap:TopicViewGroup ViewIndex="1"/><ap:Text Dirty="0000000000000001" PlainText="Do not provide home address" ReadOnly="false"><ap:Font/></ap:Text></ap:Topic></ap:SubTopics><ap:TopicViewGroup ViewIndex="0"/><ap:TopicViewGroup ViewIndex="1"/><ap:Text Dirty="0000000000000001" PlainText="How to Look Fortune 500" ReadOnly="false"><ap:Font/></ap:Text><ap:Offset OffsetPriority="0" Dirty="0000000000000001" CX="258.6773681640625" CY="209.62782287597656"/></ap:Topic></ap:FloatingTopics><ap:TopicViewGroup ViewIndex="0"/><ap:TopicViewGroup ViewIndex="1"/><ap:Text Dirty="0000000000000001" PlainText="Four Hour Work Week" ReadOnly="false"><ap:Font/></ap:Text><ap:TopicLayout Dirty="0000000000000001" Width="52.387485504150391"/></ap:Topic></ap:OneTopic><ap:StyleGroup><ap:RootTopicDefaultsGroup><ap:DefaultColor Dirty="0000000000000001" FillColor="ff99ccff" LineColor="ff808080"/><ap:DefaultText TextAlignment="urn:mindjet:Center" TextCapitalization="urn:mindjet:SentenceStyle" VerticalTextAlignment="urn:mindjet:Top" Dirty="0000000000000001" PlainText="Central Topic" ReadOnly="false"><ap:Font Color="ff373737" Size="14." Name="Microsoft Sans Serif" Bold="true" Italic="false" Underline="false" Strikethrough="false"/></ap:DefaultText><ap:DefaultSubTopicShape SubTopicShape="urn:mindjet:RoundedRectangle" Dirty="0000000000000001" LeftMargin="2." TopMargin="2." BottomMargin="2." VerticalBottomMargin="2.5" VerticalLeftMargin="2.5" VerticalTopMargin="2.5" VerticalRightMargin="2.5" RightMargin="2." VerticalSubTopicShape="urn:mindjet:Rectangle"/><ap:DefaultLabelFloatingTopicShape LabelFloatingTopicShape="urn:mindjet:None" Dirty="0000000000000000" LeftMargin="0." TopMargin="0." BottomMargin="0." VerticalBottomMargin="2.5" VerticalLeftMargin="2.5" VerticalTopMargin="2.5" VerticalRightMargin="2.5" RightMargin="0." VerticalLabelFloatingTopicShape="urn:mindjet:None"/><ap:DefaultCalloutFloatingTopicShape CalloutFloatingTopicShape="urn:mindjet:None" Dirty="0000000000000000" VerticalCalloutFloatingTopicShape="urn:mindjet:None" LeftMargin="0." TopMargin="0." BottomMargin="0." VerticalBottomMargin="2.5" VerticalLeftMargin="2.5" VerticalTopMargin="2.5" VerticalRightMargin="2.5" RightMargin="0."/><ap:DefaultTopicLayout TopicLayoutHorizontalAlignment="urn:mindjet:Center" TopicLayoutVerticalAlignment="urn:mindjet:Center" TopicTextAndImagePosition="urn:mindjet:TextRightImageLeft" TopicWidthControl="urn:mindjet:AutoWidth" Dirty="0000000000000000" Width="50." MinimumHeight="5." Padding="1."/><ap:DefaultSubTopicsShape SubTopicsAlignment="urn:mindjet:Bottom" SubTopicsConnectionPoint="urn:mindjet:Center" SubTopicsConnectionStyle="urn:mindjet:RoundedElbow" SubTopicsGrowth="urn:mindjet:Horizontal" SubTopicsGrowthDirection="urn:mindjet:Right" SubTopicsShape="urn:mindjet:Vertical" SubTopicsShapeWidthFactor="1." SubTopicsVerticalAlignment="urn:mindjet:Middle" SubTopicsVerticalGrowthDirection="urn:mindjet:Down" Dirty="0000000000000001" DistanceFromParent="30." VerticalDistanceFromParent="10." DistanceBetweenSiblings="1." VerticalDistanceBetweenSiblings="1." SubTopicsDepth="1" SubTopicsAlignmentDualVertical="urn:mindjet:Center" VerticalSubTopicsConnectionStyle="urn:mindjet:RoundedElbow" VerticalSubTopicsConnectionPoint="urn:mindjet:Outside"/><ap:DefaultSubTopicsVisibility Dirty="0000000000000000" Hidden="false"/></ap:RootTopicDefaultsGroup><ap:RootSubTopicDefaultsGroup Level="0"><ap:DefaultColor Dirty="0000000000000001" FillColor="ffffffff" LineColor="ff808080"/><ap:DefaultText TextAlignment="urn:mindjet:Left" TextCapitalization="urn:mindjet:None" Dirty="0000000000000001" PlainText="Main Topic" ReadOnly="false"><ap:Font Color="ff000000" Size="12." Name="Microsoft Sans Serif" Bold="false" Italic="false" Underline="false" Strikethrough="false"/></ap:DefaultText><ap:DefaultSubTopicShape SubTopicShape="urn:mindjet:RoundedRectangle" Dirty="0000000000000001" LeftMargin="0.5" TopMargin="0.5" BottomMargin="0.5" VerticalBottomMargin="2." VerticalLeftMargin="2." VerticalTopMargin="2." VerticalRightMargin="2." RightMargin="0.5" VerticalSubTopicShape="urn:mindjet:Rectangle"/><ap:DefaultSubTopicsShape SubTopicsAlignment="urn:mindjet:Bottom" SubTopicsConnectionPoint="urn:mindjet:Outside" SubTopicsConnectionStyle="urn:mindjet:RoundedElbow" SubTopicsGrowth="urn:mindjet:Horizontal" SubTopicsGrowthDirection="urn:mindjet:AutomaticHorizontal" SubTopicsShape="urn:mindjet:Vertical" SubTopicsVerticalAlignment="urn:mindjet:Middle" SubTopicsVerticalGrowthDirection="urn:mindjet:AutomaticVertical" Dirty="0000000000000001" DistanceFromParent="3." VerticalDistanceFromParent="10." DistanceBetweenSiblings="1.3999999761581421" VerticalDistanceBetweenSiblings="1." SubTopicsAlignmentDualVertical="urn:mindjet:Bottom" VerticalSubTopicsConnectionStyle="urn:mindjet:RoundedElbow" VerticalSubTopicsConnectionPoint="urn:mindjet:Outside"/><ap:DefaultSubTopicsVisibility Dirty="0000000000000000" Hidden="false"/></ap:RootSubTopicDefaultsGroup><ap:RootSubTopicDefaultsGroup Level="1"><ap:DefaultColor Dirty="0000000000000001" FillColor="00000000"/><ap:DefaultText TextAlignment="urn:mindjet:Left" TextCapitalization="urn:mindjet:None" Dirty="0000000000000001" PlainText="Subtopic" ReadOnly="false"><ap:Font Color="ff000000" Size="10." Name="Microsoft Sans Serif" Bold="false" Italic="false" Underline="false" Strikethrough="false"/></ap:DefaultText><ap:DefaultSubTopicShape SubTopicShape="urn:mindjet:Line" Dirty="0000000000000001" LeftMargin="0.20000000298023224" TopMargin="0.20000000298023224" BottomMargin="0.20000000298023224" VerticalBottomMargin="1." VerticalLeftMargin="1." VerticalTopMargin="1." VerticalRightMargin="1." RightMargin="0.20000000298023224" VerticalSubTopicShape="urn:mindjet:Rectangle"/><ap:DefaultSubTopicsShape SubTopicsAlignment="urn:mindjet:Center" SubTopicsConnectionPoint="urn:mindjet:Outside" SubTopicsConnectionStyle="urn:mindjet:RoundedElbow" SubTopicsGrowth="urn:mindjet:Horizontal" SubTopicsGrowthDirection="urn:mindjet:AutomaticHorizontal" SubTopicsShape="urn:mindjet:Vertical" Dirty="0000000000000001" DistanceFromParent="3." VerticalDistanceFromParent="10." DistanceBetweenSiblings="1.3999999761581421" VerticalDistanceBetweenSiblings="1." SubTopicsAlignmentDualVertical="urn:mindjet:Bottom" VerticalSubTopicsConnectionStyle="urn:mindjet:RoundedElbow" VerticalSubTopicsConnectionPoint="urn:mindjet:Outside"/><ap:DefaultSubTopicsVisibility Dirty="0000000000000000" Hidden="false"/></ap:RootSubTopicDefaultsGroup><ap:CalloutTopicDefaultsGroup><ap:DefaultColor Dirty="0000000000000001" FillColor="ffffff99"/><ap:DefaultText TextAlignment="urn:mindjet:Left" TextCapitalization="urn:mindjet:None" Dirty="0000000000000001" PlainText="Callout" ReadOnly="false"><ap:Font Color="ff000000" Size="9." Name="Microsoft Sans Serif" Bold="true"/></ap:DefaultText><ap:DefaultCalloutFloatingTopicShape CalloutFloatingTopicShape="urn:mindjet:OvalBalloon" Dirty="0000000000000001" LeftMargin="0.5" TopMargin="0.5" BottomMargin="0.5" RightMargin="0.5"/><ap:DefaultSubTopicsShape SubTopicsAlignment="urn:mindjet:Bottom" SubTopicsConnectionPoint="urn:mindjet:Outside" SubTopicsConnectionStyle="urn:mindjet:RoundedElbow" SubTopicsGrowth="urn:mindjet:Horizontal" SubTopicsGrowthDirection="urn:mindjet:AutomaticHorizontal" SubTopicsShape="urn:mindjet:Vertical" SubTopicsVerticalAlignment="urn:mindjet:Middle" SubTopicsVerticalGrowthDirection="urn:mindjet:AutomaticVertical" Dirty="0000000000000001" DistanceFromParent="3." VerticalDistanceFromParent="10." DistanceBetweenSiblings="1.3999999761581421" VerticalDistanceBetweenSiblings="1." SubTopicsAlignmentDualVertical="urn:mindjet:Center"/><ap:DefaultSubTopicsVisibility Dirty="0000000000000000" Hidden="false"/></ap:CalloutTopicDefaultsGroup><ap:CalloutSubTopicDefaultsGroup Level="0"><ap:DefaultColor Dirty="0000000000000001" FillColor="00000000" LineColor="ff808080"/><ap:DefaultText TextAlignment="urn:mindjet:Left" TextCapitalization="urn:mindjet:None" Dirty="0000000000000001" PlainText="Subtopic" ReadOnly="false"><ap:Font Color="ff000000" Size="10." Name="Microsoft Sans Serif" Bold="false"/></ap:DefaultText><ap:DefaultSubTopicShape SubTopicShape="urn:mindjet:None" Dirty="0000000000000001" LeftMargin="0.20000000298023224" TopMargin="0.20000000298023224" BottomMargin="0.20000000298023224" RightMargin="0.20000000298023224"/><ap:DefaultSubTopicsShape SubTopicsAlignment="urn:mindjet:Center" SubTopicsConnectionPoint="urn:mindjet:Outside" SubTopicsConnectionStyle="urn:mindjet:RoundedElbow" SubTopicsGrowth="urn:mindjet:Horizontal" SubTopicsGrowthDirection="urn:mindjet:AutomaticHorizontal" SubTopicsShape="urn:mindjet:Vertical" SubTopicsVerticalAlignment="urn:mindjet:Middle" SubTopicsVerticalGrowthDirection="urn:mindjet:AutomaticVertical" Dirty="0000000000000001" DistanceFromParent="3." VerticalDistanceFromParent="10." DistanceBetweenSiblings="1.3999999761581421" VerticalDistanceBetweenSiblings="1." SubTopicsAlignmentDualVertical="urn:mindjet:Center"/><ap:DefaultSubTopicsVisibility Dirty="0000000000000000" Hidden="false"/></ap:CalloutSubTopicDefaultsGroup><ap:LabelTopicDefaultsGroup><ap:DefaultColor Dirty="0000000000000001" FillColor="ffffffff" LineColor="ff808080"/><ap:DefaultText TextAlignment="urn:mindjet:Left" TextCapitalization="urn:mindjet:None" Dirty="0000000000000001" PlainText="Floating Topic" ReadOnly="false"><ap:Font Color="ff000000" Size="12." Name="Microsoft Sans Serif" Bold="false"/></ap:DefaultText><ap:DefaultLabelFloatingTopicShape LabelFloatingTopicShape="urn:mindjet:Rectangle" Dirty="0000000000000001" LeftMargin="0.5" TopMargin="0.5" BottomMargin="0.5" VerticalBottomMargin="2.5" VerticalLeftMargin="2.5" VerticalTopMargin="2.5" VerticalRightMargin="2.5" RightMargin="0.5" VerticalLabelFloatingTopicShape="urn:mindjet:RoundedRectangle"/><ap:DefaultSubTopicsShape SubTopicsAlignment="urn:mindjet:Bottom" SubTopicsConnectionPoint="urn:mindjet:Outside" SubTopicsConnectionStyle="urn:mindjet:RoundedElbow" SubTopicsGrowth="urn:mindjet:Horizontal" SubTopicsGrowthDirection="urn:mindjet:Right" SubTopicsShape="urn:mindjet:Vertical" SubTopicsVerticalAlignment="urn:mindjet:Middle" SubTopicsVerticalGrowthDirection="urn:mindjet:Up" Dirty="0000000000000001" DistanceFromParent="3." VerticalDistanceFromParent="5." DistanceBetweenSiblings="1.3999999761581421" VerticalDistanceBetweenSiblings="1.3999999761581421" SubTopicsDepth="1" SubTopicsAlignmentDualVertical="urn:mindjet:Center" VerticalSubTopicsConnectionStyle="urn:mindjet:RoundedElbow" VerticalSubTopicsConnectionPoint="urn:mindjet:Outside"/><ap:DefaultSubTopicsVisibility Dirty="0000000000000000" Hidden="false"/></ap:LabelTopicDefaultsGroup><ap:LabelSubTopicDefaultsGroup Level="0"><ap:DefaultColor Dirty="0000000000000001" FillColor="00000000" LineColor="ff808080"/><ap:DefaultText TextAlignment="urn:mindjet:Left" TextCapitalization="urn:mindjet:None" Dirty="0000000000000001" PlainText="Subtopic" ReadOnly="false"><ap:Font Color="ff000000" Size="10." Name="Microsoft Sans Serif" Bold="false"/></ap:DefaultText><ap:DefaultSubTopicShape SubTopicShape="urn:mindjet:Line" Dirty="0000000000000001" LeftMargin="0.20000000298023224" TopMargin="0.20000000298023224" BottomMargin="0.20000000298023224" VerticalBottomMargin="2." VerticalLeftMargin="2." VerticalTopMargin="2." VerticalRightMargin="2." RightMargin="0.20000000298023224" VerticalSubTopicShape="urn:mindjet:Rectangle"/><ap:DefaultSubTopicsShape SubTopicsAlignment="urn:mindjet:Center" SubTopicsConnectionPoint="urn:mindjet:Outside" SubTopicsConnectionStyle="urn:mindjet:RoundedElbow" SubTopicsGrowth="urn:mindjet:Horizontal" SubTopicsGrowthDirection="urn:mindjet:AutomaticHorizontal" SubTopicsShape="urn:mindjet:Vertical" SubTopicsVerticalAlignment="urn:mindjet:Middle" SubTopicsVerticalGrowthDirection="urn:mindjet:AutomaticVertical" Dirty="0000000000000001" DistanceFromParent="5." VerticalDistanceFromParent="5." DistanceBetweenSiblings="1.3999999761581421" VerticalDistanceBetweenSiblings="1.3999999761581421" SubTopicsAlignmentDualVertical="urn:mindjet:Bottom" VerticalSubTopicsConnectionStyle="urn:mindjet:RoundedElbow"/><ap:DefaultSubTopicsVisibility Dirty="0000000000000000" Hidden="false"/></ap:LabelSubTopicDefaultsGroup><ap:OrgChartTopicDefaultsGroup><ap:DefaultColor Dirty="0000000000000001" FillColor="ffffffff"/><ap:DefaultText TextAlignment="urn:mindjet:Center" TextCapitalization="urn:mindjet:None" VerticalTextAlignment="urn:mindjet:Top" Dirty="0000000000000001" PlainText="Org-Chart Topic" ReadOnly="false"><ap:Font Color="ff000000" Size="12." Name="Microsoft Sans Serif" Bold="false" Italic="false" Underline="false" Strikethrough="false"/></ap:DefaultText><ap:DefaultSubTopicShape Dirty="0000000000000001" VerticalBottomMargin="2.5" VerticalLeftMargin="2.5" VerticalTopMargin="2.5" VerticalRightMargin="2.5" VerticalSubTopicShape="urn:mindjet:RoundedRectangle"/><ap:DefaultLabelFloatingTopicShape Dirty="0000000000000001" VerticalLabelFloatingTopicShape="urn:mindjet:RoundedRectangle"/><ap:DefaultCalloutFloatingTopicShape Dirty="0000000000000001" VerticalCalloutFloatingTopicShape="urn:mindjet:RoundedRectangleBalloon" VerticalBottomMargin="2.5" VerticalLeftMargin="2.5" VerticalTopMargin="2.5" VerticalRightMargin="2.5"/><ap:DefaultTopicLayout TopicLayoutHorizontalAlignment="urn:mindjet:Center" TopicLayoutVerticalAlignment="urn:mindjet:Center" TopicTextAndImagePosition="urn:mindjet:TextRightImageLeft" TopicWidthControl="urn:mindjet:AutoWidth" Dirty="0000000000000000" Width="50." MinimumHeight="5." Padding="1."/><ap:DefaultSubTopicsShape SubTopicsAlignment="urn:mindjet:Center" SubTopicsGrowth="urn:mindjet:Vertical" SubTopicsGrowthDirection="urn:mindjet:AutomaticHorizontal" SubTopicsShape="urn:mindjet:Vertical" SubTopicsShapeWidthFactor="1." SubTopicsVerticalAlignment="urn:mindjet:Middle" SubTopicsVerticalGrowthDirection="urn:mindjet:AutomaticVertical" Dirty="0000000000000001" DistanceFromParent="5." VerticalDistanceFromParent="3." DistanceBetweenSiblings="1." VerticalDistanceBetweenSiblings="1.3999999761581421" SubTopicsDepth="1" SubTopicsAlignmentDualVertical="urn:mindjet:Center" VerticalSubTopicsConnectionStyle="urn:mindjet:RoundedElbow" VerticalSubTopicsConnectionPoint="urn:mindjet:Outside"/><ap:DefaultSubTopicsVisibility Dirty="0000000000000000" Hidden="false"/></ap:OrgChartTopicDefaultsGroup><ap:OrgChartSubTopicDefaultsGroup Level="0"><ap:DefaultColor Dirty="0000000000000001" FillColor="ffffffff" LineColor="ff808080"/><ap:DefaultText TextAlignment="urn:mindjet:Center" TextCapitalization="urn:mindjet:None" VerticalTextAlignment="urn:mindjet:Top" Dirty="0000000000000001" PlainText="Topic" ReadOnly="false"><ap:Font Color="ff000000" Size="10." Name="Microsoft Sans Serif" Bold="false" Italic="false" Underline="false" Strikethrough="false"/></ap:DefaultText><ap:DefaultSubTopicShape Dirty="0000000000000001" VerticalBottomMargin="2." VerticalLeftMargin="2." VerticalTopMargin="2." VerticalRightMargin="2." VerticalSubTopicShape="urn:mindjet:Rectangle"/><ap:DefaultCalloutFloatingTopicShape Dirty="0000000000000000" VerticalCalloutFloatingTopicShape="urn:mindjet:RectangleBalloon" VerticalBottomMargin="2." VerticalLeftMargin="2." VerticalTopMargin="2." VerticalRightMargin="2."/><ap:DefaultTopicLayout TopicLayoutHorizontalAlignment="urn:mindjet:Center" TopicLayoutVerticalAlignment="urn:mindjet:Center" TopicTextAndImagePosition="urn:mindjet:TextRightImageLeft" TopicWidthControl="urn:mindjet:AutoWidth" Dirty="0000000000000000" Width="50." MinimumHeight="5." Padding="1."/><ap:DefaultSubTopicsShape SubTopicsAlignment="urn:mindjet:Bottom" SubTopicsConnectionPoint="urn:mindjet:Outside" SubTopicsConnectionStyle="urn:mindjet:RoundedElbow" SubTopicsGrowth="urn:mindjet:Horizontal" SubTopicsGrowthDirection="urn:mindjet:AutomaticHorizontal" SubTopicsShape="urn:mindjet:Vertical" SubTopicsShapeWidthFactor="1." SubTopicsVerticalAlignment="urn:mindjet:Middle" SubTopicsVerticalGrowthDirection="urn:mindjet:AutomaticVertical" Dirty="0000000000000001" DistanceFromParent="5." VerticalDistanceFromParent="3." DistanceBetweenSiblings="1.3999999761581421" VerticalDistanceBetweenSiblings="1." SubTopicsDepth="1" SubTopicsAlignmentDualVertical="urn:mindjet:Center" VerticalSubTopicsConnectionStyle="urn:mindjet:Elbow" VerticalSubTopicsConnectionPoint="urn:mindjet:Outside"/><ap:DefaultSubTopicsVisibility Dirty="0000000000000000" Hidden="false"/></ap:OrgChartSubTopicDefaultsGroup><ap:OrgChartSubTopicDefaultsGroup Level="1"><ap:DefaultColor Dirty="0000000000000001" FillColor="ffffffff"/><ap:DefaultText TextAlignment="urn:mindjet:Center" TextCapitalization="urn:mindjet:None" VerticalTextAlignment="urn:mindjet:Top" Dirty="0000000000000001" PlainText="Topic" ReadOnly="false"><ap:Font Color="ff000000" Size="10." Name="Microsoft Sans Serif" Bold="false" Italic="false" Underline="false" Strikethrough="false"/></ap:DefaultText><ap:DefaultSubTopicShape SubTopicShape="urn:mindjet:Rectangle" Dirty="0000000000000001" VerticalBottomMargin="2." VerticalLeftMargin="2." VerticalTopMargin="2." VerticalRightMargin="2." VerticalSubTopicShape="urn:mindjet:None"/><ap:DefaultCalloutFloatingTopicShape Dirty="0000000000000001" VerticalCalloutFloatingTopicShape="urn:mindjet:RectangleBalloon" VerticalBottomMargin="2." VerticalLeftMargin="2." VerticalTopMargin="2." VerticalRightMargin="2."/><ap:DefaultTopicLayout TopicLayoutHorizontalAlignment="urn:mindjet:Center" TopicLayoutVerticalAlignment="urn:mindjet:Center" TopicTextAndImagePosition="urn:mindjet:TextRightImageLeft" TopicWidthControl="urn:mindjet:AutoWidth" Dirty="0000000000000001" Width="50." MinimumHeight="5." Padding="1."/><ap:DefaultSubTopicsShape SubTopicsAlignment="urn:mindjet:Bottom" SubTopicsConnectionPoint="urn:mindjet:Outside" SubTopicsConnectionStyle="urn:mindjet:RoundedElbow" SubTopicsGrowth="urn:mindjet:Horizontal" SubTopicsGrowthDirection="urn:mindjet:AutomaticHorizontal" SubTopicsShape="urn:mindjet:Vertical" SubTopicsShapeWidthFactor="1." Dirty="0000000000000001" DistanceFromParent="5." VerticalDistanceFromParent="10." DistanceBetweenSiblings="1.3999999761581421" VerticalDistanceBetweenSiblings="1." SubTopicsDepth="1" SubTopicsAlignmentDualVertical="urn:mindjet:Center" VerticalSubTopicsConnectionStyle="urn:mindjet:Straight" VerticalSubTopicsConnectionPoint="urn:mindjet:Outside"/></ap:OrgChartSubTopicDefaultsGroup><ap:RelationshipDefaultsGroup><ap:DefaultColor Dirty="0000000000000001" FillColor="00000000" LineColor="ff3366ff"/><ap:DefaultLineStyle LineDashStyle="urn:mindjet:RoundDot" Dirty="0000000000000001" LineWidth="2.25"/><ap:DefaultConnectionStyle ConnectionShape="urn:mindjet:NoArrow" Dirty="0000000000000001"/><ap:DefaultConnectionStyle ConnectionShape="urn:mindjet:Arrow" Dirty="0000000000000001"/><ap:DefaultRelationshipLineShape LineShape="urn:mindjet:Curved" Dirty="0000000000000001"/></ap:RelationshipDefaultsGroup><ap:BoundaryDefaultsGroup><ap:DefaultLineStyle LineDashStyle="urn:mindjet:DashDot" Dirty="0000000000000001" LineWidth="1.5"/><ap:DefaultBoundaryShape BoundaryShape="urn:mindjet:CurvedRectangle" Dirty="0000000000000001" Margin="0."/></ap:BoundaryDefaultsGroup><ap:ImageDefaultsGroup/><ap:Structure StructureGrowthDirection="urn:mindjet:Automatic" Dirty="0000000000000001" UseAutoLayout="true" MinimumMainTopicsHeight="44." FadeNotSelectedObjects="true" UseCurveAntialiasing="true" UseTextAntialiasing="true" MainTopicLineWidth="0.34999999403953552" VerticalMainTopicLineWidth="1." SiblingSpacing="0." ParentChildSpacing="0." UseOrganicLines="false" HideCollapseSign="false"/><ap:BackgroundImageData ImageTileOption="urn:mindjet:NoFlip" ImageType="urn:mindjet:PngImage" Transparency="16" Dirty="0000000000000001"><cor:Uri xsi:nil="false">mmarch://bin/B2ABC98E-CA25-468A-8DDF-1953FDAC5BD9.bin</cor:Uri></ap:BackgroundImageData><ap:NotesDefaultFont Color="ff000000" Size="10." Dirty="0000000000000000" Name="Arial"/></ap:StyleGroup><ap:MapViewGroup ViewIndex="0" RowIndex="0" ColumnIndex="0"><ap:ZoomFactor ZoomFactor="0.61284446716308594" Dirty="0000000000000001"/></ap:MapViewGroup><ap:MapViewGroup ViewIndex="1" RowIndex="0" ColumnIndex="0"><ap:ZoomFactor ZoomFactor="0.60642534494400024" Dirty="0000000000000001"/></ap:MapViewGroup><ap:DocumentGroup><ap:Language Dirty="0000000000000000" Language="en"/><ap:Creator Dirty="0000000000000000" UserName="" UserEmail=""/><ap:LastModificator Dirty="0000000000000000" UserName="" UserEmail=""/><ap:Author Dirty="0000000000000000" UserName="" UserEmail=""/><ap:Manager Dirty="0000000000000000" UserName=""/><ap:Version Dirty="0000000000000001" Major="10"/><ap:Statistics Dirty="0000000000000001" NumberOfTopics="141" NumberOfWords="723" NumberOfHyperlinks="1" NumberOfRelationships="0" NumberOfPictures="0" NumberOfBoundaries="0" NumberOfNotes="0"/><ap:DateTimeStamps Dirty="0000000000000001" Created="2007-06-27T11:10:35" LastModified="2007-06-30T12:51:25"/><ap:Description Comments="The Mindjet MindManager 6 default map template." Dirty="0000000000000000" Subject=""/><ap:Keywords Dirty="0000000000000000" Keywords=""/><ap:CreatorCompany Dirty="0000000000000000" Name=""/><ap:Category Dirty="0000000000000000" Name=""/><ap:ModifiedProtected Dirty="0000000000000000" Password=""/><ap:PreviewImageData ImageType="urn:mindjet:PngImage" Dirty="0000000000000001"><cor:Uri xsi:nil="false">mmarch://Preview.png</cor:Uri></ap:PreviewImageData><ap:DocumentPath Dirty="0000000000000001" DocumentPath="C:\Documents and Settings\John\My Documents\Internet Marketing\Mind Maps\~$Four Hour Work Week.mmap.~$save"/></ap:DocumentGroup><ap:MarkersSetGroup><ap:IconMarkersSets><ap:IconMarkersSet Dirty="0000000000000000" OId="yULTxEMFjE223yybK/32tg==" Gen="0000000000000000"><ap:Name Dirty="0000000000000000" Name="Smileys"/><ap:IconMarkers><ap:IconMarker xsi:type="ap:StockIconMarker" Dirty="0000000000000000" OId="qzMB/s2O50in6ieU3dr9cg==" Gen="0000000000000000"><ap:Name Dirty="0000000000000000" Name="Happy"/><ap:OneStockIcon IconType="urn:mindjet:SmileyHappy" Dirty="0000000000000000"/></ap:IconMarker><ap:IconMarker xsi:type="ap:StockIconMarker" Dirty="0000000000000000" OId="Xn0L3RjFTEm0weq3MwVq7A==" Gen="0000000000000000"><ap:Name Dirty="0000000000000000" Name="Neutral"/><ap:OneStockIcon IconType="urn:mindjet:SmileyNeutral" Dirty="0000000000000000"/></ap:IconMarker><ap:IconMarker xsi:type="ap:StockIconMarker" Dirty="0000000000000000" OId="Cnv79qAVD0Oca/kuxU3kYQ==" Gen="0000000000000000"><ap:Name Dirty="0000000000000000" Name="Upset"/><ap:OneStockIcon IconType="urn:mindjet:SmileyAngry" Dirty="0000000000000000"/></ap:IconMarker><ap:IconMarker xsi:type="ap:StockIconMarker" Dirty="0000000000000000" OId="Pm+hVXnojk6BvsfRMDrBUA==" Gen="0000000000000000"><ap:Name Dirty="0000000000000000" Name="Sad"/><ap:OneStockIcon IconType="urn:mindjet:SmileySad" Dirty="0000000000000000"/></ap:IconMarker><ap:IconMarker xsi:type="ap:StockIconMarker" Dirty="0000000000000000" OId="gtKVaIXOrUOZi02b/SE7+w==" Gen="0000000000000000"><ap:Name Dirty="0000000000000000" Name="Furious"/><ap:OneStockIcon IconType="urn:mindjet:SmileyScreaming" Dirty="0000000000000000"/></ap:IconMarker></ap:IconMarkers></ap:IconMarkersSet><ap:IconMarkersSet Dirty="0000000000000000" OId="OSJjnyqNxUKbVVP2JH59qw==" Gen="0000000000000000"><ap:Name Dirty="0000000000000000" Name="Arrows"/><ap:IconMarkers><ap:IconMarker xsi:type="ap:StockIconMarker" Dirty="0000000000000000" OId="R5eS64LGkE+5istiJb2gGg==" Gen="0000000000000000"><ap:Name Dirty="0000000000000000" Name="Yes!"/><ap:OneStockIcon IconType="urn:mindjet:ArrowUp" Dirty="0000000000000000"/></ap:IconMarker><ap:IconMarker xsi:type="ap:StockIconMarker" Dirty="0000000000000000" OId="4ZrpeY+gR0ysjA6KT+QLtQ==" Gen="0000000000000000"><ap:Name Dirty="0000000000000000" Name="Important"/><ap:OneStockIcon IconType="urn:mindjet:ArrowRight" Dirty="0000000000000000"/></ap:IconMarker><ap:IconMarker xsi:type="ap:StockIconMarker" Dirty="0000000000000000" OId="rI7gBE4CYUKctb+T3fZuFQ==" Gen="0000000000000000"><ap:Name Dirty="0000000000000000" Name="Both ways"/><ap:OneStockIcon IconType="urn:mindjet:TwoEndArrow" Dirty="0000000000000000"/></ap:IconMarker><ap:IconMarker xsi:type="ap:StockIconMarker" Dirty="0000000000000000" OId="tLXJNq2E1keSApT95wG2xA==" Gen="0000000000000000"><ap:Name Dirty="0000000000000000" Name="Reference"/><ap:OneStockIcon IconType="urn:mindjet:ArrowLeft" Dirty="0000000000000000"/></ap:IconMarker><ap:IconMarker xsi:type="ap:StockIconMarker" Dirty="0000000000000000" OId="Za3HqJCIhUy7i/q5t7FXcQ==" Gen="0000000000000000"><ap:Name Dirty="0000000000000000" Name="Postponed"/><ap:OneStockIcon IconType="urn:mindjet:ArrowDown" Dirty="0000000000000000"/></ap:IconMarker></ap:IconMarkers></ap:IconMarkersSet><ap:IconMarkersSet Dirty="0000000000000000" OId="Y2cAgxbl70epmtHweL26uQ==" Gen="0000000000000000"><ap:Name Dirty="0000000000000000" Name="Flags"/><ap:IconMarkers><ap:IconMarker xsi:type="ap:StockIconMarker" Dirty="0000000000000000" OId="TBgEN/aOuE+Lbp0B8Qf2dg==" Gen="0000000000000000"><ap:Name Dirty="0000000000000000" Name="Go"/><ap:OneStockIcon IconType="urn:mindjet:FlagGreen" Dirty="0000000000000000"/></ap:IconMarker><ap:IconMarker xsi:type="ap:StockIconMarker" Dirty="0000000000000000" OId="OrPSw35bCEiOVbgh2L22iA==" Gen="0000000000000000"><ap:Name Dirty="0000000000000000" Name="For discussion"/><ap:OneStockIcon IconType="urn:mindjet:FlagYellow" Dirty="0000000000000000"/></ap:IconMarker><ap:IconMarker xsi:type="ap:StockIconMarker" Dirty="0000000000000000" OId="AlMVmRVsfk2IMizHb1jaCw==" Gen="0000000000000000"><ap:Name Dirty="0000000000000000" Name="Possibility"/><ap:OneStockIcon IconType="urn:mindjet:FlagPurple" Dirty="0000000000000000"/></ap:IconMarker><ap:IconMarker xsi:type="ap:StockIconMarker" Dirty="0000000000000000" OId="MPSY7MdxJkeOBe7oQWZlBQ==" Gen="0000000000000000"><ap:Name Dirty="0000000000000000" Name="Progress"/><ap:OneStockIcon IconType="urn:mindjet:FlagBlue" Dirty="0000000000000000"/></ap:IconMarker><ap:IconMarker xsi:type="ap:StockIconMarker" Dirty="0000000000000000" OId="hG/Ov/IWhUqtRzk97NrCjA==" Gen="0000000000000000"><ap:Name Dirty="0000000000000000" Name="Careful"/><ap:OneStockIcon IconType="urn:mindjet:FlagOrange" Dirty="0000000000000000"/></ap:IconMarker><ap:IconMarker xsi:type="ap:StockIconMarker" Dirty="0000000000000000" OId="kq21YzEFNUqquFilVhhwTg==" Gen="0000000000000000"><ap:Name Dirty="0000000000000000" Name="Caution"/><ap:OneStockIcon IconType="urn:mindjet:FlagRed" Dirty="0000000000000000"/></ap:IconMarker><ap:IconMarker xsi:type="ap:StockIconMarker" Dirty="0000000000000000" OId="BRJH6z73hU2of8oni4sfoA==" Gen="0000000000000000"><ap:Name Dirty="0000000000000000" Name="Risk"/><ap:OneStockIcon IconType="urn:mindjet:FlagBlack" Dirty="0000000000000000"/></ap:IconMarker></ap:IconMarkers></ap:IconMarkersSet></ap:IconMarkersSets><ap:IconMarkers><ap:IconMarker xsi:type="ap:StockIconMarker" Dirty="0000000000000000" OId="ODNOSbs/bUyo4BBW29xQIQ==" Gen="0000000000000000"><ap:Name Dirty="0000000000000000" Name="Great idea"/><ap:OneStockIcon IconType="urn:mindjet:ThumbsUp" Dirty="0000000000000000"/></ap:IconMarker><ap:IconMarker xsi:type="ap:StockIconMarker" Dirty="0000000000000000" OId="FwGaCFwuoEGRiu3I1CwviQ==" Gen="0000000000000000"><ap:Name Dirty="0000000000000000" Name="Decision"/><ap:OneStockIcon IconType="urn:mindjet:JudgeHammer" Dirty="0000000000000000"/></ap:IconMarker><ap:IconMarker xsi:type="ap:StockIconMarker" Dirty="0000000000000000" OId="G4RbBsCd70CQSXPvZBjkIA==" Gen="0000000000000000"><ap:Name Dirty="0000000000000000" Name="Date"/><ap:OneStockIcon IconType="urn:mindjet:Calendar" Dirty="0000000000000000"/></ap:IconMarker><ap:IconMarker xsi:type="ap:StockIconMarker" Dirty="0000000000000000" OId="SOgwlkoq2UmLeX09Pg1PrQ==" Gen="0000000000000000"><ap:Name Dirty="0000000000000000" Name="Budget"/><ap:OneStockIcon IconType="urn:mindjet:Dollar" Dirty="0000000000000000"/></ap:IconMarker><ap:IconMarker xsi:type="ap:StockIconMarker" Dirty="0000000000000000" OId="Abz8+XroeUyiUPbBL1MPmA==" Gen="0000000000000000"><ap:Name Dirty="0000000000000000" Name="Emergency"/><ap:OneStockIcon IconType="urn:mindjet:Emergency" Dirty="0000000000000000"/></ap:IconMarker></ap:IconMarkers><ap:FillColorMarkersName Dirty="0000000000000000" Name="Fill Colors"/><ap:TextColorMarkersName Dirty="0000000000000000" Name="Font Colors"/><ap:TaskPercentageMarkersName Dirty="0000000000000000" Name="Task Complete (%)"/><ap:TaskPercentageMarkers><ap:TaskPercentageMarker Dirty="0000000000000000" OId="xXHjardD1EexSt3cZDFVwg==" Gen="0000000000000000"><ap:Name Dirty="0000000000000000" Name="Task start"/><ap:TaskPercentage TaskPercentage="0" Dirty="0000000000000000"/></ap:TaskPercentageMarker><ap:TaskPercentageMarker Dirty="0000000000000000" OId="+NxSPd8k0024DMfjJUNuGg==" Gen="0000000000000000"><ap:Name Dirty="0000000000000000" Name="Quarter done"/><ap:TaskPercentage TaskPercentage="25" Dirty="0000000000000000"/></ap:TaskPercentageMarker><ap:TaskPercentageMarker Dirty="0000000000000000" OId="Cyf25B8h4Uuex/fzpSOAGw==" Gen="0000000000000000"><ap:Name Dirty="0000000000000000" Name="Half done"/><ap:TaskPercentage TaskPercentage="50" Dirty="0000000000000000"/></ap:TaskPercentageMarker><ap:TaskPercentageMarker Dirty="0000000000000000" OId="FxyAdM4+wEqKrUFVZH83xg==" Gen="0000000000000000"><ap:Name Dirty="0000000000000000" Name="Three quarters done"/><ap:TaskPercentage TaskPercentage="75" Dirty="0000000000000000"/></ap:TaskPercentageMarker><ap:TaskPercentageMarker Dirty="0000000000000000" OId="W6ERFj7IXUefoxsMl6zFpg==" Gen="0000000000000000"><ap:Name Dirty="0000000000000000" Name="Task done"/><ap:TaskPercentage TaskPercentage="100" Dirty="0000000000000000"/></ap:TaskPercentageMarker></ap:TaskPercentageMarkers><ap:TaskPriorityMarkersName Dirty="0000000000000000" Name="Task Priorities"/><ap:TaskPriorityMarkers><ap:TaskPriorityMarker Dirty="0000000000000000" OId="/H7a1fHb9kGk9eYmEIZYwg==" Gen="0000000000000000"><ap:Name Dirty="0000000000000000" Name="Priority 1"/><ap:TaskPriority TaskPriority="urn:mindjet:Prio1" Dirty="0000000000000000"/></ap:TaskPriorityMarker><ap:TaskPriorityMarker Dirty="0000000000000000" OId="Jasto5ZbIESyL1cKSr/W4w==" Gen="0000000000000000"><ap:Name Dirty="0000000000000000" Name="Priority 2"/><ap:TaskPriority TaskPriority="urn:mindjet:Prio2" Dirty="0000000000000000"/></ap:TaskPriorityMarker><ap:TaskPriorityMarker Dirty="0000000000000000" OId="shteTFQhq0KvXvXiz9nn3Q==" Gen="0000000000000000"><ap:Name Dirty="0000000000000000" Name="Priority 3"/><ap:TaskPriority TaskPriority="urn:mindjet:Prio3" Dirty="0000000000000000"/></ap:TaskPriorityMarker><ap:TaskPriorityMarker Dirty="0000000000000000" OId="G7xDkHFRQEy1p9HSm9v/9w==" Gen="0000000000000000"><ap:Name Dirty="0000000000000000" Name="Priority 4"/><ap:TaskPriority TaskPriority="urn:mindjet:Prio4" Dirty="0000000000000000"/></ap:TaskPriorityMarker><ap:TaskPriorityMarker Dirty="0000000000000000" OId="N1pMauESHkiGLoP5gFNvCA==" Gen="0000000000000000"><ap:Name Dirty="0000000000000000" Name="Priority 5"/><ap:TaskPriority TaskPriority="urn:mindjet:Prio5" Dirty="0000000000000000"/></ap:TaskPriorityMarker></ap:TaskPriorityMarkers></ap:MarkersSetGroup></ap:Map>